Workbook

Sheet _top
A1: Page in CVI Tuning Tool | B1: Cvitek Module | C1: Cvitek Driver | D1: Hisilicon | E1: Param2Reg | F1: MPI | G1: Tab | H1: Note | I1: tab | K1: UI Level0 | L1: UI Level1 | M1: UI Level9
A2: Calibration-BLC | B2: Calibration-BLC | D2: BLC | E2: CY | F2: CF | G2: Cali_BlackLevel | J2: BlackLevel
A3: Calibration-LSC | B3: Calibration-LSC | D3: LSC | E3: CY | F3: CF | I3: Cali_RadialShading
A4: Calibration-DPC | B4: Calibration-DPC | D4: DPC | E4: CY | F4: CF | I4: Cali_MeshShading
A5: Calibration-Noise profile | B5: Calibration-Noise profile | D5: Noise profile | E5: CY | F5: CF | G5: Cali_Noise profile
A6: Calibration-AWB | B6: Calibration-AWB | D6: AWB | E6: CY | F6: CF | G6: Cali_AWB
A7: Calibration-CCM | B7: Calibration-CCM | D7: CCM | E7: CY | F7: CF | G7: Cali_CCM | J7: CCM
A8: Calibration-3D-LUT | B8: Calibration-3D-LUT | D8: CLUT | E8: CY | F8: CF | G8: Cali_Clut?
A9: Calibration-AE LV | B9: Calibration-AE LV | D9: N.A. | E9: Yogurt | F9: CF
A10: AWB attr | B10: AWB attr | D10: AWB | E10: ? | F10: CF
A11: AWB info | B11: AWB info | D11: AWB | E11: CF | F11: CF
A12: AE info | B12: AE info | D12: AE | E12: Yogurt | F12: CF
A13: LSC | B13: LSC | D13: LSC | E13: CY | F13: CF
A14: DPC | B14: DPC | D14: DPC | E14: CY | F14: Kidd/Lan | H14: ?cf/alvin
A15: GE | B15: GE | D15: GE | E15: CY | F15: Kidd/Lan | G15: Crosstalk | H15: ?cf/tony green pixel imbalance
A16: HDR-Fusion | B16: HDR-Fusion | D16: WDR | E16: CY | F16: CF | G16: FSWDR
A17: HDR-DRC | B17: HDR-DRC | D17: DRC | E17: CY | F17: CF | G17: DRC
A18: NR | B18: BNR | C18: BNR | D18: BNR | E18: Alvin | F18: Kidd | G18: BNR | H18: Ready to work | K18: =COUNTIFS(BNR!$D:$D,0, BNR!$E:$E,"<>1") -> 15 | L18: =COUNTIFS(BNR!$D:$D,1, BNR!$E:$E,"<>1") -> 2 | M18: =COUNTIFS(BNR!$D:$D,9,BNR!$E:$E,"<>1") -> 0
A19: Demosaic | B19: Demosaic | C19: CFAI | D19: Demosiac | E19: Alvin | F19: Kidd | G19: Demosaic | H19: ?tony green pixel imbalance | K19: =COUNTIFS(Demosaic!$D:$D,0,Demosaic!$E:$E,"<>1") -> 22 | L19: =COUNTIFS(Demosaic!$D:$D,1,Demosaic!$E:$E,"<>1") -> 1 | M19: =COUNTIFS(Demosaic!$D:$D,9,Demosaic!$E:$E,"<>1") -> 1
A20: RGB sharpen | B20: RGB sharpen | D20: Sharpen | E20: Alvin | F20: CF
A21: Gamma | B21: Gamma | D21: Gamma | E21: Alvin | F21: CF
A22: Dehaze | B22: Dehaze | D22: Dehaze | E22: Alvin | F22: CF
A23: HSV | B23: HSV | D23: N.A. | E23: Yogurt | F23: CF | G23: Hsv
A24: 3D-LUT | B24: 3D-LUT | D24: CLUT | E24: Yogurt | F24: CF | G24: Clut
A25: 3DNR | B25: 3DNR | D25: 3DNR | E25: CY | F25: CF
A26: NR | B26: YNR | C26: YNR | D26: YNR | E26: Alvin | F26: Kidd | G26: YNR | H26: ?cf/tony | K26: =COUNTIFS(YNR!$D:$D,0,YNR!$E:$E,"<>1") -> 15 | L26: =COUNTIFS(YNR!$D:$D,1,YNR!$E:$E,"<>1") -> 10 | M26: =COUNTIFS(YNR!$D:$D,9,YNR!$E:$E,"<>1") -> 0
A27: NR | B27: CNR | C27: CNR | D27: CNR | E27: Alvin | F27: Kidd | G27: CNR | H27: ?cf | K27: =COUNTIFS(CNR!$D:$D,0,CNR!$E:$E,"<>1") -> 6 | L27: =COUNTIFS(CNR!$D:$D,1,CNR!$E:$E,"<>1") -> 10 | M27: =COUNTIFS(CNR!$D:$D,9,CNR!$E:$E,"<>1") -> 0
A28: PFC | B28: PFC | D28: CAC | E28: Alvin | F28: CF | G28: LocalCac
A29: DCI | B29: DCI | C29: DCI | D29: LDCI | E29: Alvin | F29: Kidd | G29: DCI | H29: ?alvin/cf/tony | K29: =COUNTIFS(DCI!D:D,0,DCI!$E:$E,"<>1") -> 8 | L29: =COUNTIFS(DCI!E:E,1,DCI!$E:$E,"<>1") -> 0 | M29: =COUNTIFS(DCI!F:F,9,DCI!$E:$E,"<>1") -> 0
A30: Y sharpen | B30: Y sharpen | D30: Sharpen | E30: CY | F30: CF | I30: Sharpen | J30: rgb/y
A31: FPN | B31: FPN | D31: FPN | E31: CY | F31: CF | G31: Low Priority
A32: AF | B32: AF | D32: ? | E32: CY | F32: ? | G32: Low Priority | I32: ColorTone, AWB?
A33: MeshShading | B33: MeshShading | D33: ? | E33: ? | F33: ?

Sheet _rev.
A1: vision | B1: date | C1: description
A2: 1 | B2: 43781 | C2: First revision

Sheet Hisi overview
A1: type | B1: page | C1: GUI owner | D1: MPI owner | E1: tab | F1: header | G1: MPI | H1: Note
B2: Top | D2: Jammy/Arena | E2: Mode Handle | G2: can't find | H2: Arena 負責 Venc，其餘Jammy負責
D3: Kidd/CF | E3: Bypass Setting | F3: mpi_isp.h | G3: HI_MPI_ISP_SetModuleControl()
D4: Kidd/CF | E4: Fmw State | F4: mpi_isp.h | G4: HI_MPI_ISP_SetFMWState()
D5: Kidd/CF | E5: CTRL Param | F5: mpi_isp.h | G5: HI_MPI_ISP_GetCtrlParam()
D6: Kidd/CF | E6: MOD Param | F6: mpi_isp.h | G6: HI_MPI_ISP_GetModuleControl()
D7: Jammy | E7: Repeat | F7: mpi_vi.h | G7: HI_MPI_VI_SetPipeRepeatMode()
B8: PubAttr | D8: Kidd/CF | E8: PubAttr | F8: mpi_isp.h | G8: HI_MPI_ISP_GetPubAttr()
B9: ISP Info | D9: Kidd/CF | E9: ISP Info | G9: can't find
B10: ExposureAttr | D10: Kidd/CF | E10: Exposure | F10: mpi_ae.h | G10: HI_MPI_ISP_SetExposureAttr()
E11: Exposure Auto | F11: mpi_ae.h | G11: as above
E12: Exposure Manual | F12: mpi_ae.h | G12: as above
B13: WDR ExposureAttr | D13: Kidd/CF | E13: WDR ExposureAttr | F13: mpi_ae.h | G13: HI_MPI_ISP_SetWDRExposureAttr()
B14: ExposureInfo | D14: Kidd/CF | E14: ExposureInfo | F14: mpi_ae.h | G14: HI_MPI_ISP_QueryExposureInfo()
B15: AE Route | D15: Kidd/CF | E15: AE Route | F15: mpi_ae.h | G15: HI_MPI_ISP_SetAERouteAttr()
E16: AE RouteEx | F16: mpi_ae.h | G16: HI_MPI_ISP_SetAERouteAttrEx()
B17: AutoIris | D17: Kidd/CF | E17: AIAttr | F17: mpi_ae.h | G17: HI_MPI_ISP_SetIrisAttr()
E18: DcirisAttr | F18: mpi_ae.h | G18: HI_MPI_ISP_SetDcirisAttr()
E19: PirisAttr | F19: mpi_ae.h | G19: HI_MPI_ISP_SetPirisAttr()
B20: WB Attr | D20: Kidd/CF | E20: White Balance | F20: mpi_awb.h | G20: HI_MPI_ISP_SetWBAttr()
E21: AWBAttr | G21: as above
E22: MWBAttr | G22: as above
E23: AWBAttrEx | F23: mpi_awb.h | G23: HI_MPI_ISP_SetAWBAttrEx()
E24: BlackLevel | F24: mpi_isp.h | G24: HI_MPI_ISP_SetBlackLevelAttr
B25: Spec AWB Attr | D25: Kidd/CF | E25: Spec AWB Attr | F25: mpi_awb.h | G25: HI_MPI_ISP_SetSpecAwbAttr() | H25: AI AWB, 我們還沒有
A26: chart | B26: Spec AWB | D26: Kidd/CF | E26: Spec AWB
B27: WB Info | D27: Kidd/CF | E27: WB Info | F27: mpi_awb.h | G27: HI_MPI_ISP_QueryWBInfo()
E28: CalGainByTemp
B29: CCM | D29: Kidd/CF | E29: CCM | F29: mpi_awb.h | G29: HI_MPI_ISP_SetCCMAttr()
E30: ColorToneAttr | F30: mpi_awb.h | G30: HI_MPI_ISP_SetColorToneAttr()
B31: Saturation | D31: Kidd/CF | E31: Saturation | F31: mpi_awb.h | G31: HI_MPI_ISP_SetSaturationAttr()
B32: CLUT | D32: Kidd/CF | E32: CLUT Attr | F32: mpi_isp.h | G32: HI_MPI_ISP_SetClutAttr()
E33: CLUT Lut | F33: mpi_isp.h | G33: HI_MPI_ISP_SetClutCoeff()
B34: Demosaic | D34: Kidd/CF | E34: Demosaic | F34: mpi_isp.h | G34: HI_MPI_ISP_SetDemosaicAttr()
B35: AntiFalseColor | D35: Kidd/CF | E35: AntiFalse | F35: mpi_isp.h | G35: HI_MPI_ISP_SetAntiFalseColorAttr()
B36: NR | D36: Kidd/CF | E36: Denoise | F36: mpi_isp.h | G36: HI_MPI_ISP_SetNRAttr()
E37: VPSS_3DNRAttr | F37: mpi_vpss.h | G37: HI_MPI_VPSS_GetGrpAttr()
A38: chart | B38: 3DNR X | D38: Kidd/CF | E38: 3DNR X | G38: ?
A39: chart | B39: 3DNR Curve | D39: Kidd/CF | E39: 3DNR Curve | G39: ?
A40: chart | B40: YUV Sharpen | D40: Kidd/CF | E40: YUV Sharpen | F40: mpi_isp.h | G40: HI_MPI_ISP_SetIspSharpenAttr()
A41: chart | B41: PostSharpen | D41: Kidd/CF | E41: PostSharpen | F41: mpi_vpss.h | G41: HI_MPI_VPSS_SetGrpSharpen()
A42: chart | B42: DRC | D42: Kidd/CF | E42: DRC | F42: mpi_isp.h | G42: HI_MPI_ISP_SetDRCAttr()
B43: FSWDR | D43: Kidd/CF | E43: FSWDR | F43: mpi_isp.h | G43: HI_MPI_ISP_SetFSWDRAttr()
B44: HLC Attr | D44: Kidd/CF | E44: HLC Attr | F44: mpi_isp.h | G44: HI_MPI_ISP_SetIspHlcAttr()
A45: chart | B45: PreGamma | D45: Kidd/CF | E45: PreGamma | F45: mpi_isp.h | G45: HI_MPI_ISP_SetPreGammaAttr()
A46: chart | B46: Gamma | D46: Kidd/CF | E46: Gamma | F46: mpi_isp.h | G46: HI_MPI_ISP_SetGammaAttr()
B47: PreLoglut | D47: Kidd/CF | E47: PreLoglut | F47: mpi_isp.h | G47: HI_MPI_ISP_SetPreLogLUTAttr
B48: Loglut | D48: Kidd/CF | E48: Loglut | F48: mpi_isp.h | G48: HI_MPI_ISP_SetLogLUTAttr()
A49: chart | B49: LDCI | D49: Kidd/CF | E49: LDCI | F49: mpi_isp.h | G49: HI_MPI_ISP_SetLDCIAttr()
B50: Crosstalk | D50: Kidd/CF | E50: Crosstalk | F50: mpi_isp.h | G50: HI_MPI_ISP_SetCrosstalkAttr()
A51: chart | B51: Dehaze | D51: Kidd/CF | E51: Dehaze | F51: mpi_isp.h | G51: HI_MPI_ISP_SetDehazeAttr()
B52: MeshShading | D52: Kidd/CF | E52: ShadingAttr | F52: mpi_isp.h | G52: HI_MPI_ISP_SetMeshShadingAttr()
E53: Shading Lut Attr | F53: mpi_isp.h | G53: HI_MPI_ISP_SetMeshShadingGainLutAttr()
B54: RadialShading | D54: Kidd/CF | E54: RadialShading Attr | F54: mpi_isp.h | G54: HI_MPI_ISP_SetRadialShadingAttr()
E55: RadialShading Lut | F55: mpi_isp.h | G55: HI_MPI_ISP_SetRadialShadingLUT()
B56: DefectPixel | D56: Kidd/CF | E56: DP Dynamic Calibrate | F56: mpi_isp.h | G56: HI_MPI_ISP_SetDPDynamicAttr()
E57: DP Static Calibrate | F57: mpi_isp.h | G57: HI_MPI_ISP_SetDPCalibrate()
E58: DPAttr | F58: mpi_isp.h | G58: HI_MPI_ISP_SetDPStaticAttr()
B59: CSC | D59: Kidd/CF | E59: CSC | F59: mpi_isp.h | G59: HI_MPI_ISP_SetCSCAttr()
B60: CAC | D60: Kidd/CF | E60: LocalAttr | F60: mpi_isp.h | G60: HI_MPI_ISP_SetLocalCacAttr()
E61: GlobalAttr | F61: mpi_isp.h | G61: HI_MPI_ISP_SetGlobalCacAttr()
A62: chart | B62: ChromaAdjust | D62: Kidd/CF | E62: ChromaAdjust | F62: mpi_isp.h | G62: HI_MPI_ISP_SetCAAttr()
B63: Radial CROP | D63: Kidd/CF | E63: Radial CROP | F63: mpi_isp.h | G63: HI_MPI_ISP_SetRcAttr()
B64: DNG Info | D64: Kidd/CF | E64: DngColorParam | F64: mpi_isp.h | G64: HI_MPI_ISP_SetDngColorParam()
E65: DngImageStaticInfo | F65: mpi_isp.h | G65: HI_MPI_ISP_GetDngImageStaticInfo()
B66: EdgeMark | D66: Kidd/CF | E66: EDGEMark | F66: mpi_isp.h | G66: HI_MPI_ISP_SetIspEdgeMarkAttr() | H66: edge visualization，可用來調整 manual focus, 目前 isp 無此設計，可能可以用 ive 完成。
B67: FPN | D67: Kidd/CF | E67: FPNCalibrate | F67: mpi_isp.h | G67: HI_MPI_ISP_FPNCalibrate()
E68: FPNCorrection | F68: mpi_isp.h | G68: HI_MPI_ISP_SetFPNAttr()
B69: StatisticsConfig | D69: Kidd/CF | E69: Key | F69: mpi_isp.h | G69: HI_MPI_ISP_SetStatisticsConfig()
E70: AEConfig | G70: as above
E71: WBConfig | G71: as above
E72: AFConfig_Config | G72: as above
E73: AFConfig_HParam_IIR0 | G73: as above
E74: AFConfig_HParam_IIR1 | G74: as above
E75: AFConfig_VParam_FIR0 | G75: as above
E76: AFConfig_VParam_FIR1 | G76: as above
E77: AFConfig_FVParam | G77: as above
B78: DIS | D78: Jammy | E78: VPSS_CROP_INFO_S | F78: mpi_vpss.h | G78: HI_MPI_VPSS_SetGrpCrop() | H78: 短期內不支援
D79: Kidd/CF | E79: ISP_DIS_ATTR_S | F79: mpi_isp.h | G79: HI_MPI_ISP_SetDISAttr() | H79: 短期內不支援
D80: Jammy | E80: VI_DIS_Attr | F80: mpi_vi.h | G80: HI_MPI_VI_SetChnDISAttr() | H80: 短期內不支援
B81: LDC | D81: Kidd/CF | E81: VI_LDC | F81: mpi_isp.h | G81: HI_MPI_ISP_SetLDCIAttr()
E82: VPSS_LDC | F82: mpi_vpss.h | G82: HI_MPI_VPSS_SetChnLDCAttr()
B83: SpreadCoef | D83: Jammy | E83: ISP_Spread | F83: mpi_vi.h | G83: HI_MPI_VI_SetChnSpreadAttr() | H83: =wrap
E84: VPSS_Spread | F84: mpi_vpss.h | G84: HI_MPI_VPSS_SetChnSpreadAttr
B85: Fisheye | D85: Jammy | E85: VI_FISHEYE_ATTR_S
E86: VI_FisheyeDevConfig
E87: VPSS_FISHEYE_ATTR_S
E88: VPSS_FisheyeDevConfig
B89: RotateEx | D89: Jammy | E89: RotateEx
B90: AVS | D90: Jammy | E90: AVS | H90: =stitch, 短期內不支援
B91: RC Attr | D91: Arena | E91: RCAttr
E92: H264Cbr
E93: H264Vbr
E94: H264Avbr
E95: H264FixQp
E96: H264QpMap
E97: MJPEGCbr
E98: MJPEGVbr
E99: MJPEGFixQp
E100: H265Cbr
...

Sheet MeshShading
A1: Function section | B1: API name | C1: API parameter | D1: UI Level | E1: Calibration | F1: low value | G1: high value | H1: default value | I1: auto | J1: register | K1: dynamic | L1: low value | M1: high value | N1: default value | O1: description
A2: mesh lsc common | C2: lsc_enable | F2: 0 | G2: 1 | H2: 0 | I2: 0 | J2: reg_lsc_enable | K2: 0 | L2: 0 | M2: 1 | N2: 0 | O2: Enable LSC
C3: lsc_strength | F3: 0 | G3: 4095 | H3: 4095 | I3: 1 | J3: reg_lsc_strength | K3: 1 | L3: 0 | M3: 4095 | N3: 4095 | O3: global strength of LSC
C4: lsc_debug | F4: 0 | G4: 1 | H4: 0 | I4: 0 | J4: reg_lsc_debug | K4: 0 | L4: 0 | M4: 1 | N4: 0 | O4: Rsvd
A5: meh lsc configure | C5: lsc_xblknumm1 | F5: 0 | G5: 63 | H5: 37 | I5: 0 | J5: reg_lsc_xblknumm1 | K5: 0 | L5: 0 | M5: 63 | N5: 37 | O5: RSVD
C6: reg_lsc_yblknumm1 | F6: 0 | G6: 63 | H6: 37 | I6: 0 | J6: reg_lsc_yblknumm1 | K6: 0 | L6: 0 | M6: 63 | N6: 37 | O6: RSVD
C7: reg_lsc_xstep | F7: 0 | G7: 32767 | H7: 0 | I7: 0 | J7: reg_lsc_xstep | K7: 0 | L7: 0 | M7: 32767 | N7: 0 | O7: ratio of block number over image size -- X
C8: reg_lsc_ystep | F8: 0 | G8: 32767 | H8: 0 | I8: 0 | J8: reg_lsc_ystep | K8: 0 | L8: 0 | M8: 32767 | N8: 0 | O8: ratio of block number over image size -- Y
C9: reg_lsc_imgx0 | F9: 0 | G9: 4194303 | H9: 0 | I9: 0 | J9: reg_lsc_imgx0 | K9: 0 | L9: 0 | M9: 4194303 | N9: 0 | O9: X start position in mesh domain
C10: reg_lsc_imgy0 | F10: 0 | G10: 4194303 | H10: 0 | I10: 0 | J10: reg_lsc_imgy0 | K10: 0 | L10: 0 | M10: 4194303 | N10: 0 | O10: Y start position in mesh domain
C11: reg_lsc_gain_base | F11: 0 | G11: 3 | H11: 0 | I11: 0 | J11: reg_lsc_gain_base | K11: 0 | L11: 0 | M11: 3 | N11: 0 | O11: gain
A12: mesh lsc table | C12: reg_lsc_rtbl[1369] | F12: 0 | G12: 4095 | H12: 512 | I12: 1 | J12: reg_lsc_rtbl[1369] | K12: 1 | L12: 0 | M12: 4095 | N12: 512 | O12: 1x=512
C13: reg_lsc_gtbl[1369] | F13: 0 | G13: 4095 | H13: 512 | I13: 1 | J13: reg_lsc_gtbl[1369] | K13: 1 | L13: 0 | M13: 4095 | N13: 512 | O13: 1x=512
C14: reg_lsc_btbl[1369] | F14: 0 | G14: 4095 | H14: 512 | I14: 1 | J14: reg_lsc_btbl[1369] | K14: 1 | L14: 0 | M14: 4095 | N14: 512 | O14: 1x=512
A15: mesh scaler | C15: reg_lsc_scaler[256] | F15: 0 | G15: 4095 | I15: 0 | J15: reg_lsc_scaler[256] | K15: 0 | L15: 0 | M15: 4095
A16: radius lsc common | C16: lscr_enable | F16: 0 | G16: 1 | H16: 0 | I16: 0 | J16: reg_lscr_enable | K16: 0 | L16: 0 | M16: 1 | N16: 0 | O16: Enable radius LSC
C17: lscr_strnth | F17: 0 | G17: 4095 | H17: 0 | I17: 1 | J17: reg_lscr_strnth | K17: 1 | L17: 0 | M17: 4095 | N17: 0 | O17: x coordinate of lens center
A18: radius lsc configure | C18: lscr_centerx | F18: 0 | G18: 4095 | H18: 0 | I18: 0 | J18: reg_lscr_centerx | K18: 0 | L18: 0 | M18: 4095 | N18: 0 | O18: y coordinate of lens center
C19: lscr_centery | F19: 0 | G19: 2047 | H19: 0 | I19: 0 | J19: reg_lscr_centery | K19: 0 | L19: 0 | M19: 2047 | N19: 0 | O19: normalized factor
C20: lscr_norm | F20: 0 | G20: 32767 | H20: 0 | I20: 0 | J20: reg_lscr_norm | K20: 0 | L20: 0 | M20: 32767 | N20: 0 | O20: lens shading correction strength
A21: radius lsc table | C21: lscr_gain_lut[32] | F21: 0 | G21: 4095 | H21: 512 | I21: 1 | J21: reg_lscr_gain_lut[32] | K21: 1 | L21: 0 | M21: 4095 | N21: 512 | O21: radius gain table

Sheet Dehaze
A1: Function section | B1: API name | C1: API parameter | D1: UI Level | E1: Calibration | F1: low value | G1: high value | H1: default value | I1: parameter description | J1: auto | K1: register | L1: dynamic | M1: low value | N1: high value | O1: default value | P1: description
A2: Common | B2: BM_MPI_ISP_SetDehazeAttr | C2: Enable | D2: 0 | F2: 0 | G2: 1 | H2: 0 | I2: Dehaze功能使能。_x000D_ 0: 關閉。_x000D_ 1: 始能。_x000D_ | J2: 0 | K2: reg_dehaze_enable | L2: 1 | M2: 0 | N2: 1 | O2: 0 | P2: Dehaze enable
C3: Strength | D3: 0 | F3: 0 | G3: 100 | H3: 60 | I3: 用來控制Dehaze的強度。值越大，去霧強度越強。 | J3: 1 | K3: reg_dehaze_w | L3: 1 | M3: 0 | N3: 100 | O3: 60 | P3: Strength of dehaze
C4: CumulativeThr | D4: 0 | F4: 0 | G4: 16383 | H4: 512 | I4: 計算霧濃度的統計閾值。 | J4: 1 | K4: reg_dehaze_cum_th | L4: 1 | M4: 0 | N4: 16383 | O4: 512 | P4: Cumulative threshold
C5: HistThr | D5: 0 | F5: 0 | G5: 16383 | H5: 1024 | I5: 計算大氣光的統計閾值。 | J5: 1 | K5: reg_dehaze_hist_th | L5: 1 | M5: 0 | N5: 16383 | O5: 1024 | P5: Histogram threshold
C6: MinTransMapValue | D6: 1 | F6: 0 | G6: 8191 | H6: 819 | I6: 透射係數允許之最小值。 | J6: 1 | K6: reg_dehaze_tmap_min | L6: 1 | M6: 0 | N6: 8191 | O6: 819 | P6: Mininum transmission map value allowed
C7: MaxTransMapValue | D7: 1 | F7: 0 | G7: 8191 | H7: 8191 | I7: 透射係數允許之最大值。 | J7: 1 | K7: reg_dehaze_tmap_max | L7: 1 | M7: 0 | N7: 8191 | O7: 8191 | P7: Maximum transmission value allowed
C8: VarThr | D8: 1 | F8: 0 | G8: 1023 | H8: 200 | I8: 用來邊緣偵測的閾值。 | J8: 1 | K8: reg_dehaze_th_smooth | L8: 1 | M8: 0 | N8: 1023 | O8: 200 | P8: Threshold for edge classification
A11: API parameter 藍色標記的參數: 代表預設顯示在UI上。
A12: API parameter 黑色標記的參數: 代表預設不顯示在UI，開啟工程模式才會在UI上顯示。

Sheet CAC
A1: Function section | B1: API name | C1: API parameter | D1: UI Level | E1: Calibration | F1: low value | G1: high value | H1: default value | I1: parameter description | J1: auto | K1: register | L1: dynamic | M1: low value | N1: high value | O1: default value | P1: description
A2: Common | B2: BM_MPI_ISP_SetLocalCacAttr | C2: Enable | D2: 0 | F2: 0 | G2: 1 | H2: 0 | I2: CAC模塊使能。_x000D_ 0: 關閉。_x000D_ 1: 使能。_x000D_ | J2: 0 | K2: reg_pfc_enable | L2: 1 | M2: 0 | N2: 1 | O2: 0 | P2: CAC enable
C3: VarThr | D3: 0 | F3: 0 | G3: 511 | H3: 256 | I3: 邊緣偵測的閾值。值越小，越多區域被判斷為邊緣。 | J3: 1 | K3: reg_cnr_var_th | L3: 1 | M3: 0 | N3: 511 | O3: 256 | P3: Edge detection threshold
C4: PurpleDetRange | D4: 0 | F4: 0 | G4: 128 | H4: 45 | I4: 紫邊偵測的閾值。值越大，越多區域被判斷為紫邊。 | J4: 1 | K4: reg_cnr_purple_th | L4: 1 | M4: 0 | N4: 128 | O4: 45 | P4: Purple fring detection scope
C5: DePurpleStr | D5: 0 | F5: 0 | G5: 255 | H5: 128 | I5: 去紫邊強度。值越大，紫邊現象越少。 | J5: 1 | K5: reg_cnr_correct_strength | L5: 1 | M5: 0 | N5: 255 | O5: 128 | P5: Strenght of purple fringe correction
C6: PurpleCb | D6: 0 | F6: 0 | G6: 255 | H6: 232 | I6: 紫色在Cb domain的座標。 | J6: 1 | K6: reg_cnr_purple_cb | L6: 1 | M6: 0 | N6: 255 | O6: 232 | P6: Purple in Cb value
C7: PurpleCr | D7: 0 | F7: 0 | G7: 255 | H7: 177 | I7: 紫色在Cr domain的座標。 | J7: 1 | K7: reg_cnr_purple_cr | L7: 1 | M7: 0 | N7: 255 | O7: 177 | P7: Purple in Cr value
C8: GreenCb | D8: 0 | F8: 0 | G8: 255 | H8: 43 | I8: 綠色在Cb domain的座標。 | J8: 1 | K8: reg_cnr_green_cb | L8: 1 | M8: 0 | N8: 255 | O8: 43 | P8: Green in Cb value
C9: GreenCr | D9: 0 | F9: 0 | G9: 255 | H9: 21 | I9: 綠色在Cr domain的座標。 | J9: 1 | K9: reg_cnr_green_cr | L9: 1 | M9: 0 | N9: 255 | O9: 21 | P9: Green in Cr value
C10: TuningMode | D10: 0 | F10: 0 | G10: 2 | H10: 0 | I10: 輸出中繼檔案，輔助調節參數。_x000D_ 0: CAC圖像結果。_x000D_ 1: 邊緣偵測圖像結果。_x000D_ 2: 紫邊偵測圖像結果。_x000D_ | J10: 0 | K10: reg_cnr_out_sel | L10: 1 | M10: 0 | N10: 2 | O10: 0 | P10: Tuning mode
A13: API parameter 藍色標記的參數: 代表預設顯示在UI上。
A14: API parameter 黑色標記的參數: 代表預設不顯示在UI，開啟工程模式才會在UI上顯示。

Sheet Gamma
A1: Function section | B1: API name | C1: API parameter | D1: UI Level | E1: Calibration | F1: low value | G1: high value | H1: default value | I1: parameter description | J1: auto | K1: register | L1: dynamic | M1: low value | N1: high value | O1: default value | P1: description
A2: Common | B2: CVI_MPI_ISP_SetGammaAttr | C2: Enable | D2: 0 | F2: 0 | G2: 1 | H2: 0 | I2: Gamma功能使能。_x000D_ 0: 關閉。_x000D_ 1: 始能。_x000D_ | J2: 0 | K2: reg_gamma_enable | L2: 1 | M2: 0 | N2: 1 | O2: 0 | P2: Gamma enable
C3: Table[256] | J3: 0 | K3: reg_g_gamma[256] | L3: 1 | M3: 0 | N3: 4095 | O3: 0 | P3: Gamma LUT
A7: API parameter 藍色標記的參數: 代表預設顯示在UI上。
A8: API parameter 黑色標記的參數: 代表預設不顯示在UI，開啟工程模式才會在UI上顯示。

Sheet DCI
A1: Function section | B1: API name | C1: API parameter | D1: UI Level | E1: Calibration | F1: low value | G1: high value | H1: default value | I1: parameter description | J1: auto | K1: register | L1: dynamic | M1: low value | N1: high value | O1: default value | P1: description | Q1: isp_param_def.h | R1: dvi_vip_tun_cfg.h | S1: ISP_API | T1: Note
A2: Common | B2: CVI_MPI_ISP_SetLDCIAttr | C2: Enable | D2: 0 | F2: 0 | G2: 1 | H2: 0 | I2: DCI模塊使能。 0: 關閉。 1: 使能。 | J2: 0 | K2: reg_dci_enable | L2: 1 | M2: 0 | N2: 1 | O2: 0 | P2: DCI enable | Q2: ISP_DCI_ENABLE | R2: enable | T2: ISP_DCI_ENOPTYPE
C3: MapEnable | D3: 0 | F3: 0 | G3: 1 | H3: 1 | I3: DCI mapping功能使能。 0: 關閉。 1: 使能。 | J3: 1 | K3: reg_dci_map_enable | L3: 1 | M3: 0 | N3: 1 | O3: 1 | P3: DCI mapping enable
C4: DitherEnable | D4: 9 | F4: 0 | G4: 1 | H4: 1 | I4: Dither功能使能。 0: 關閉。_x000D_ 1: 始能。 | J4: 1 | K4: reg_dci_dither_enable | L4: 1 | M4: 0 | N4: 1 | O4: 1 | P4: Enable of dither | Q4: ISP_DCI_MANUAL_DITHERENABLE | R4: dither_enable | T4: always 1
C5: RoiEnable | D5: 9 | F5: 0 | G5: 1 | H5: 0 | I5: ROI裁剪功能使能。 0: 關閉。 1: 始能。 | J5: 1 | K5: reg_dci_roi_enable | L5: 1 | M5: 0 | N5: 1 | O5: 0 | P5: ROI enable
C6: RoiStartX | D6: 9 | F6: 0 | G6: 4095 | H6: 0 | I6: 定義 ROI 左上角的 X 座標。 | J6: 1 | K6: reg_dci_roi_start_x | L6: 1 | M6: 0 | N6: 4095 | O6: 0 | P6: ROI X coordinate
C7: RoiStartY | D7: 9 | F7: 0 | G7: 2159 | H7: 0 | I7: 定義 ROI 左上角的 Y 座標。 | J7: 1 | K7: reg_dci_roi_start_y | L7: 1 | M7: 0 | N7: 2159 | O7: 0 | P7: ROI Y coordinate
C8: RoiWidth | D8: 9 | F8: 0 | G8: 4095 | H8: 0 | I8: 定義 ROI 的寬度。 | J8: 1 | K8: reg_dci_roi_widthm1 | L8: 1 | M8: 0 | N8: 4095 | O8: 0 | P8: ROI width
C9: RoiHeight | D9: 9 | F9: 0 | G9: 2159 | H9: 0 | I9: 定義 ROI 的高度。 | J9: 1 | K9: reg_dci_roi_heightm1 | L9: 1 | M9: 0 | N9: 2159 | O9: 0 | P9: ROI height
C10: TuningMode | D10: 0 | F10: 0 | G10: 1 | H10: 1 | I10: 在同一畫面同時顯示原始圖像和結果圖像，輔助調節參數。_x000D_ 0: CAC圖像結果。_x000D_ 1: 在同一畫面同時顯示原始圖像和結果圖像。 _x000D_ | J10: 0 | K10: reg_dci_demo_mode | L10: 1 | M10: 0 | N10: 0 | O10: 0 | P10: Tuning mode | Q10: ISP_DCI_MANUAL_TUNINGMODE | R10: demo_mode
C11: DelayFrmNum | D11: 9 | F11: 0 | G11: 2048 | H11: 0 | I11: 延遲的帧數。 | K11: algo_dci_history_nframes | L11: 1 | M11: 0 | N11: 2048 | O11: 0 | P11: Number of frames to delay
C12: ContrastGain | D12: 0 | F12: 0 | G12: 1023 | H12: 100 | I12: 用來控制DCI的強度，值越大，對比度越大。 | J12: 1 | K12: algo_dci_cliplimit_sel | L12: 1 | M12: 0 | N12: 1023 | O12: 100 | P12: Strength of DCI | Q12: ISP_DCI_MANUAL_CONTRASTGAIN | R12: N/A
C13: BlcThr | D13: 0 | F13: 0 | G13: 255 | H13: 60 | I13: 用來決定暗區範圍的門檻值。值越大，包含的暗區範圍越大。 | J13: 1 | K13: algo_dci_bw_strecth_th_0 | L13: 1 | M13: 0 | N13: 255 | O13: 60 | P13: Black stretching threshold | Q13: ISP_DCI_MANUAL_BLCTHR | R13: N/A
C14: WhtThr | D14: 0 | F14: 0 | G14: 255 | H14: 200 | I14: 用來決定亮區範圍的門檻值。值越小，包含的亮區範圍越大。 | J14: 1 | K14: algo_dci_bw_strecth_th_1 | L14: 1 | M14: 0 | N14: 255 | O14: 200 | P14: White stretching threshold | Q14: ISP_DCI_MANUAL_WHTTHR | R14: N/A
C15: BlcCtrl | D15: 0 | F15: 0 | G15: 512 | H15: 256 | I15: 用來決定暗區的對比度。以256為中心，值越大，對比度越大；值越小，對比度越小。 | J15: 1 | K15: algo_dci_bw_strecth_strength_0 | L15: 1 | M15: 0 | N15: 512 | O15: 256 | P15: Black stretching strength | Q15: ISP_DCI_MANUAL_BLCCTRL | R15: N/A
C16: WhtCtrl | D16: 0 | F16: 0 | G16: 512 | H16: 256 | I16: 用來決定亮區的對比度。以256為中心，值越大，對比度越大；值越小，對比度越小。 | J16: 1 | K16: algo_dci_bw_strecth_strength_1 | L16: 1 | M16: 0 | N16: 512 | O16: 256 | P16: White stretching strength | Q16: ISP_DCI_MANUAL_WHTCTRL | R16: N/A
K17: reg_dci_map_lut[256] | P17: DCI mapping LUT | Q17: ? | R17: __u16 *map_lut | T17: alvin will provide mapping function
K18: ? | P18: ? | Q18: ? | R18: ? | T18: //@TODO alvin will add some register
A20: API parameter 藍色標記的參數: 代表預設顯示在UI上。
A21: API parameter 黑色標記的參數: 代表預設不顯示在UI，開啟工程模式才會在UI上顯示。

Sheet Demosaic
A1: Function section | B1: API name | C1: API parameter | D1: UI Level | E1: Calibration | F1: low value | G1: high value | H1: default value | I1: parameter description | J1: auto | K1: register | L1: dynamic | M1: low value | N1: high value | O1: default value | P1: description | Q1: isp_param_def.h | R1: cvi_vip_tun_cfg.h | S1: ISP_API | T1: Note
A2: Common | B2: CVI_MPI_ISP_SetDemosaicAttr | C2: Enable | D2: 0 | F2: 0 | G2: 1 | H2: 0 | I2: Demosaic模塊使能。 0: 關閉。 1: 始能。 | J2: 0 | K2: reg_cfa_enable | L2: 1 | M2: 0 | N2: 1 | O2: 0 | P2: Demosaic enable | Q2: ISP_DEMOSAIC_ENABLE | R2: cfa_enable | T2: ISP_DEMOSAIC_ENOPTYPE
C3: CoarseEdgeThr | D3: 0 | F3: 0 | G3: 4095 | H3: 480 | I3: 邊緣粗調偵測閾值。值越小，偵測為邊緣的數量越多。建議搭配參數CoarseStr調試。 | J3: 1 | K3: reg_cfa_edgee_thd | L3: 1 | M3: 0 | N3: 4095 | O3: 480 | P3: Threshold for coarse edge detection | Q3: ISP_DEMOSAIC_MANUAL_COARSEEDGETHR | R3: demosiac_cfg.REG_3
C4: CoarseStr | D4: 0 | F4: 0 | G4: 4095 | H4: 128 | I4: 邊緣粗調插值強度。值越小，紋理細節越多。 | J4: 1 | K4: reg_cfa_edge_tol | L4: 1 | M4: 0 | N4: 4095 | O4: 128 | P4: Threshold for coarse edge direction determination | Q4: ISP_DEMOSAIC_MANUAL_COARSESTR | R4: demosiac_cfg.REG_4_1
C5: FineEdgeThr | D5: 0 | F5: 0 | G5: 4095 | H5: 400 | I5: 邊緣細調偵測閾值。值越小，偵測為邊緣的數量越多。建議搭配參數FineStr調試。 | J5: 1 | K5: reg_cfa_sige_thd | L5: 1 | M5: 0 | N5: 4095 | O5: 400 | P5: Threshold for fine edge detection | Q5: ISP_DEMOSAIC_MANUAL_FINEEDGETHR | R5: demosiac_cfg.REG_3
C6: FineStr | D6: 0 | F6: 0 | G6: 4095 | H6: 40 | I6: 邊緣細調插值強度。值越小，偵測為邊緣的數量越多。 | J6: 1 | K6: reg_cfa_gsig_tol | L6: 1 | M6: 0 | N6: 4095 | O6: 40 | P6: Threhosld for G channel fine edge direction determination | Q6: ISP_DEMOSAIC_MANUAL_FINESTR | R6: demosiac_cfg.REG_4
K7: reg_cfa_rbsig_tol | L7: 1 | M7: 0 | N7: 4095 | O7: 40 | P7: Threhosld for R/B channel fine edge direction determination | Q7: ISP_DEMOSAIC_MANUAL_FINESTR | R7: demosiac_cfg.REG_4 | T7: as above
C8: TuningMode | I8: 輸出中繼檔案，輔助調節參數。 0: Demosaic圖像結果。 1: 平坦/垂直/水平邊緣偵測圖像結果。 | J8: 0 | K8: reg_cfa_out_sel | M8: 0 | N8: 1 | O8: 0 | P8: Tuning mode
C9: AdaThr | D9: 0 | F9: 0 | G9: 4095 | H9: 3580 | I9: 自適應高頻插值閾值。值越大，高頻細節保留越多。 | J9: 1 | K9: reg_cfa_ghp_thd | L9: 1 | M9: 0 | N9: 4095 | O9: 3584 | P9: Threshold for edge-adaptive interpolation | Q9: ISP_DEMOSAIC_MANUAL_ADAPSTR | R9: demosiac_cfg.REG_5
C10: Table[32] | D10: 9 | F10: 0 | G10: 31 | H10: {8, 8, 8, 8, 10, 10, 10, 10, 12, 12, 12, 12, 14, 14, 14, 14, 16, 16, 16, 16, 20, 20, 20, 20, 24, 24, 24, 24, 28, 28, 31, 31} | J10: 0 | K10: reg_cfa_ghp_lut00 ~ reg_cfa_ghp_lut31 | L10: 1 | M10: 0 | N10: 31 | Q10: ISP_DEMOSAIC_TABLE_[32] | R10: __u8 *cfa_ghp_lut | T10: use default value
A11: DeMoire | B11: CVI_MPI_ISP_SetDemosaicDemoireAttr | C11: DetailSmoothEnable | D11: 0 | F11: 0 | G11: 1 | H11: 0 | I11: 細節平滑功能使能。_x000D_ 0: 關閉。_x000D_ 1: 使能。_x000D_ | J11: 1 | K11: reg_cfa_moire_enable | L11: 1 | M11: 0 | N11: 1 | O11: 0 | P11: Detail smooth enable | Q11: ISP_DEMOSAIC_MANUAL_DEMOIREENABLE | R11: __u8 cfa_moire_enable
C12: DetailSmoothStr | D12: 0 | F12: 0 | G12: 255 | H12: 0 | I12: 細節平滑強度。值越大，平滑強度越強，對偽細節的抑制強度越大。 | J12: 1 | K12: reg_cfa_moire_strth | L12: 1 | M12: 0 | N12: 255 | O12: 0 | P12: Detail smooth strength | Q12: ISP_DEMOSAIC_MANUAL_DEMOIRESTR | R12: demosiac_1_cfg.REG_10
C13: EdgeWgtStr | D13: 1 | F13: 0 | G13: 255 | H13: 255 | I13: 自適應性方向細節平滑強度。值越小，平滑強度越強。 | J13: 1 | K13: reg_cfa_moire_wght_gain | L13: 1 | M13: 0 | N13: 255 | O13: 255 | P13: Edge-adaptive detail smooth strength | Q13: ISP_DEMOSAIC_MANUAL_EDGEWGTSTR | R13: demosiac_1_cfg.REG_10
A14: Filter | B14: CVI_MPI_ISP_SetDemosaicFilterAttr | C14: NpThr | D14: 9 | E14: 1 | F14: 0 | G14: 4095 | H14: 0 | I14: Noise profile 的亮度閾值。 | J14: 1 | K14: reg_cfa_moire_np_ymin | L14: 1 | M14: 0 | N14: 4095 | O14: 0 | P14: Noise profile threshold | Q14: ISP_DEMOSAIC_MANUAL_NPTHRLUMA | R14: demosiac_1_cfg.REG_11
C15: NpSlope | D15: 9 | E15: 1 | F15: 0 | G15: 255 | H15: 0 | I15: Noise profile 的斜率。 | J15: 1 | K15: reg_cfa_moire_np_yslope | L15: 1 | M15: 0 | N15: 255 | O15: 0 | P15: Noise profile slope | Q15: ISP_DEMOSAIC_MANUAL_NPSLOPELUMA | R15: demosiac_1_cfg.REG_10
C16: NpLowOffset | D16: 9 | E16: 1 | F16: 0 | G16: 255 | H16: 0 | I16: Noise profile 可允許的最小 noise level。 | J16: 1 | K16: reg_cfa_moire_np_low | L16: 1 | M16: 0 | N16: 255 | O16: 0 | P16: Noise profile low offset | Q16: ISP_DEMOSAIC_MANUAL_NPLOWOFFSETLUMA | R16: demosiac_1_cfg.REG_11
C17: NpHighOffset | D17: 9 | E17: 1 | F17: 0 | G17: 255 | H17: 0 | I17: Noise profile 可允許的最大 noise level。 | J17: 1 | K17: reg_cfa_moire_np_high | L17: 1 | M17: 0 | N17: 255 | O17: 0 | P17: Noise profile high offset | Q17: ISP_DEMOSAIC_MANUAL_NPHIGHOFFSETLUMA | R17: demosiac_1_cfg.REG_11
C18: DetailWgtThr | D18: 0 | F18: 0 | G18: 4095 | H18: 512 | I18: 邊緣細節平滑保留範圍閾值。值越小，細節保留越多。 | J18: 1 | K18: reg_cfa_moire_diffthd_min | L18: 1 | M18: 0 | N18: 4095 | O18: 512 | P18: Diff profile threshold | Q18: ISP_DEMOSAIC_MANUAL_DIFFTHR | R18: demosiac_1_cfg.REG_12
F19: 0 | G19: 4095 | H19: 512 | J19: 1 | K19: reg_cfa_moire_sadthd_min | L19: 1 | M19: 0 | N19: 4095 | O19: 512 | P19: SAD profile threshold | Q19: ISP_DEMOSAIC_MANUAL_DIFFTHR | R19: demosiac_1_cfg.REG_13 | T19: as above
C20: DetailWgtSlope | D20: 0 | F20: 0 | G20: 255 | H20: 64 | I20: 邊緣細節平滑邊緣保留強度。值越大，細節保留所佔比重越大。 | J20: 1 | K20: reg_cfa_moire_diffthd_slope | L20: 1 | M20: 0 | N20: 255 | O20: 64 | P20: Diff profile slope | Q20: ISP_DEMOSAIC_MANUAL_DIFFSLOPE | R20: demosiac_1_cfg.REG_12
G21: 255 | H21: 64 | J21: 1 | K21: reg_cfa_moire_sadthd_slope | L21: 1 | M21: 0 | N21: 255 | O21: 64 | P21: SAD profile slope | Q21: ISP_DEMOSAIC_MANUAL_DIFFSLOPE | R21: demosiac_1_cfg.REG_14 | T21: as above
C22: DetailWgtMin | D22: 0 | F22: 0 | G22: 255 | H22: 0 | I22: 邊緣細節平滑保留允許之最小強度。 | J22: 1 | K22: reg_cfa_moire_diffw_low | L22: 1 | M22: 0 | N22: 255 | O22: 0 | P22: Diff profile low offset | Q22: ISP_DEMOSAIC_MANUAL_DIFFLOWOFFSET | R22: demosiac_1_cfg.REG_13
G23: 255 | H23: 0 | J23: 1 | K23: reg_cfa_moire_sadw_low | L23: 1 | M23: 0 | N23: 255 | O23: 0 | P23: SAD profile low offset | Q23: ISP_DEMOSAIC_MANUAL_DIFFLOWOFFSET | R23: demosiac_1_cfg.REG_14 | T23: as above
C24: DetailWgtMax | D24: 0 | F24: 0 | G24: 255 | H24: 255 | I24: 邊緣細節平滑保留允許之最大強度。 | J24: 1 | K24: reg_cfa_moire_diffw_high | L24: 1 | M24: 0 | N24: 255 | O24: 255 | P24: Diff profile high offset | Q24: ISP_DEMOSAIC_MANUAL_DIFFHIGHOFFSET | R24: demosiac_1_cfg.REG_13
F25: 0 | G25: 255 | H25: 255 | J25: 1 | K25: reg_cfa_moire_sadw_high | L25: 1 | M25: 0 | N25: 255 | O25: 255 | P25: SAD profile high offset | Q25: ISP_DEMOSAIC_MANUAL_DIFFHIGHOFFSET | R25: demosiac_1_cfg.REG_14 | T25: as above
C26: LumaWgtThr | D26: 0 | F26: 0 | G26: 4095 | H26: 256 | I26: 亮度細節平滑作用範圍閾值。值越小，細節平滑作用的範圍越大。 | J26: 1 | K26: reg_cfa_moire_lumathd_min | L26: 1 | M26: 0 | N26: 4095 | O26: 256 | P26: Luma profile threshold | Q26: ISP_DEMOSAIC_MANUAL_LUMATHRMIN | R26: demosiac_1_cfg.REG_16
C27: LumaWgtSlope | D27: 0 | F27: 0 | G27: 255 | H27: 96 | I27: 亮度細節平滑邊緣保留強度。值越大，細節平滑強度越強。 | J27: 1 | K27: reg_cfa_moire_lumathd_slope | L27: 1 | M27: 0 | N27: 255 | O27: 96 | P27: Luma profile slope | Q27: ISP_DEMOSAIC_MANUAL_LUMATHRSLOPE | R27: demosiac_1_cfg.REG_16
C28: LumaWgtMin | D28: 0 | F28: 0 | G28: 255 | H28: 0 | I28: 亮度細節平滑強度允許之最小強度。 | J28: 1 | K28: reg_cfa_moire_lumaw_low | L28: 1 | M28: 0 | N28: 255 | O28: 0 | P28: Luma profile low offset | Q28: ISP_DEMOSAIC_MANUAL_LUMAWLOW | R28: demosiac_1_cfg.REG_15
C29: LumaWgtMax | D29: 0 | F29: 0 | G29: 255 | H29: 255 | I29: 亮度細節平滑強度允許之最大強度。 | J29: 1 | K29: reg_cfa_moire_lumaw_high | L29: 1 | M29: 0 | N29: 255 | O29: 255 | P29: Luma profile high offset | Q29: ISP_DEMOSAIC_MANUAL_LUMAWHIGH | R29: demosiac_1_cfg.REG_15
A30: EE | B30: CVI_MPI_ISP_SetDemosaicEEAttr | C30: EdgeEnhanceEnable | D30: 0 | F30: 0 | G30: 1 | H30: 1 | I30: 邊緣強化功能使能。 | J30: 1 | K30: reg_rgbee_enable | L30: 1 | M30: 0 | N30: 1 | O30: 1 | P30: Enable EE | Q30: ISP_DEMOSAIC_MANUAL_EDGEENHANCEENABLE | R30: __u8 rgbee_enable
C31: OverShtGain | D31: 0 | F31: 0 | G31: 1023 | H31: 100 | I31: 調節overshoot程度。值越大，邊緣強化越大。 | J31: 1 | K31: reg_rgbee_osgain | L31: 1 | M31: 0 | N31: 1023 | O31: 358 | P31: Overshoot gain | Q31: ISP_DEMOSAIC_MANUAL_OVERSHTGAIN | R31: __u16 rgbee_osgain
C32: UnderShtGain | D32: 0 | F32: 0 | G32: 1023 | H32: 100 | I32: 調節undershoot程度。值越大，邊緣強化越大。 | J32: 1 | K32: reg_rgbee_usgain | L32: 1 | M32: 0 | N32: 1023 | O32: 310 | P32: Undershoot gain | Q32: ISP_DEMOSAIC_MANUAL_UNDERSHTGAIN | R32: __u16 rgbee_usgain
C33: AcGainTable[33] | D33: 0 | F33: 0 | G33: 255 | H33: {0, 0, 0, 0, 0, 0, 0, 0, 0, 0, 0, 0, 0, 0, 0, 0, 0, 0, 0, 0, 0, 0, 0, 0, 0, 0, 0, 0, 0, 0, 0, 0, 0} | J33: 1 | K33: reg_rgbee_ac_lut00 ~ reg_rgbee_ac_lut32 | L33: 1 | M33: 0 | N33: 255 | O33: {0, 0, 0, 0, 0, 0, 0, 0, 0, 0, 0, 0, 0, 0, 0, 0, 0, 0, 0, 0, 0, 0, 0, 0, 0, 0, 0, 0, 0, 0, 0, 0, 0} | P33: AC gain table for edge enhancement | Q33: ISP_DEMOSAIC_MANUAL_ACGAINTABLE_[33] | R33: __u8 *rgbee_ac_lut
C34: HfGainTable[33] | D34: 0 | F34: 0 | G34: 255 | H34: {32, 32, 32, 30, 30, 30, 28, 28, 28, 28, 28, 28, 28, 28, 28, 28, 28, 28, 28, 28, 28, 28, 28, 28, 28, 28, 28, 28, 28, 28, 28, 28, 24} | J34: 1 | K34: reg_rgbee_edge_lut00 ~ reg_rgbee_edge_lut32 | L34: 1 | M34: 0 | N34: 255 | O34: {32, 32, 32, 30, 30, 30, 28, 28, 28, 28, 28, 28, 28, 28, 28, 28, 28, 28, 28, 28, 28, 28, 28, 28, 28, 28, 28, 28, 28, 28, 28, 28, 24} | P34: HF gain table for edge enhancement | Q34: ISP_DEMOSAIC_MANUAL_HFGAINTABLE_[33] | R34: __u8 *rgbee_edge_lut
C35: NpTable[33] | D35: 0 | F35: 0 | G35: 4095 | H35: {12, 16, 20, 24, 28, 28, 28, 28, 28, 28, 28, 28, 32, 32, 32, 32, 32, 32, 32, 32, 32, 32, 32, 32, 32, 32, 32, 32, 32, 32, 32, 32, 32} | J35: 1 | K35: reg_rgbee_np_lut00 ~ reg_rgbee_np_lut32 | L35: 1 | M35: 0 | N35: 4095 | O35: {12, 16, 20, 24, 28, 28, 28, 28, 28, 28, 28, 28, 32, 32, 32, 32, 32, 32, 32, 32, 32, 32, 32, 32, 32, 32, 32, 32, 32, 32, 32, 32, 32} | P35: Noise profile offset for edge enhancement | Q35: ISP_DEMOSAIC_MANUAL_NPTABLE_[33] | R35: __u16 *rgbee_np_lut
A38: API parameter 藍色標記的參數: 代表預設顯示在UI上。
A39: API parameter 黑色標記的參數: 代表預設不顯示在UI，開啟工程模式才會在UI上顯示。

Sheet DPC
A1: function section | B1: API name | C1: API parameter | D1: UI Level | E1: Calibration | F1: low value | G1: high value | H1: default value | I1: auto | J1: register | K1: dynamic | L1: low value | M1: high value | N1: default value | O1: description | P1: Autogen | Q1: isp_param_def.h | R1: Manual | S1: Auto | T1: cvi_vip_tun_cfg.h | U1: Note
A2: Common | B2: BM_MPI_ISP_SetDPDynamicAttr | C2: dpc_enable | D2: 0 | F2: 0 | G2: 1 | H2: 0 | I2: 1 | J2: reg_dpc_enable | K2: 0 | L2: 0 | M2: 1 | N2: 0 | O2: enable DPC | R2: ISP_DPC_MANUAL_DPC_ENABLE | S2: ISP_DPC_AUTO_DPC_ENABLE | U2: ISP_DPC_ENOPTYPE
C3: dpc_staticdpc_enable | D3: 0 | F3: 0 | G3: 1 | H3: 0 | I3: 1 | J3: reg_dpc_staticdpc_enable | K3: 0 | L3: 0 | M3: 1 | N3: 0 | O3: enable static DPC | R3: ISP_DPC_MANUAL_DPC_STATICDPC_ENABLE | S3: ISP_DPC_AUTO_DPC_STATICDPC_ENABLE
C4: dpc_cluster_size | D4: 0 | F4: 0 | G4: 3 | H4: 2 | I4: 1 | J4: reg_dpc_cluster_size | K4: 0 | L4: 0 | M4: 3 | N4: 2 | O4: cluster size | R4: ISP_DPC_MANUAL_DPC_CLUSTER_SIZE | S4: ISP_DPC_AUTO_DPC_CLUSTER_SIZE
A5: DPC bright strength | C5: dpc_r_bright_pixel_ratio | D5: 0 | F5: 0 | G5: 1023 | H5: 280 | I5: 1 | J5: reg_dpc_r_bright_pixel_ratio | K5: 0 | L5: 0 | M5: 1023 | N5: 280 | O5: threshold of R bright pixel , the ratio of 3/4 Avg , base is 256 | R5: ISP_DPC_MANUAL_DPC_R_BRIGHT_PIXEL_RATIO | S5: ISP_DPC_AUTO_DPC_R_BRIGHT_PIXEL_RATIO
C6: dpc_g_bright_pixel_ratio | D6: 0 | F6: 0 | G6: 1023 | H6: 280 | I6: 1 | J6: reg_dpc_g_bright_pixel_ratio | K6: 0 | L6: 0 | M6: 1023 | N6: 280 | O6: threshold of G bright pixel , the ratio of 3/4 Avg, base is 256 | R6: ISP_DPC_MANUAL_DPC_G_BRIGHT_PIXEL_RATIO | S6: ISP_DPC_AUTO_DPC_G_BRIGHT_PIXEL_RATIO
C7: dpc_b_bright_pixel_ratio | D7: 0 | F7: 0 | G7: 1023 | H7: 280 | I7: 1 | J7: reg_dpc_b_bright_pixel_ratio | K7: 0 | L7: 0 | M7: 1023 | N7: 280 | O7: threshold of B bright pixel , the ratio of 3/4 Avg, base is 256 | R7: ISP_DPC_MANUAL_DPC_B_BRIGHT_PIXEL_RATIO | S7: ISP_DPC_AUTO_DPC_B_BRIGHT_PIXEL_RATIO
C8: N.A | D8: 1 | J8: reg_dpc_r_bright_pixel_upboud_ratio | K8: 0 | L8: 0 | M8: 255 | N8: 236 | O8: R bright threshold high bound , limit max diif will not over saturation , base is 256 min(Diff_Thre, ((4095 - max_bright_gap)*Btight_pixel_upBoud_ratio) / 256) | Q8: ?
C9: N.A | D9: 1 | J9: reg_dpc_g_bright_pixel_upboud_ratio | K9: 0 | L9: 0 | M9: 255 | N9: 236 | O9: G bright threshold high bound , limit max diif will not over saturation , base is 256 min(Diff_Thre, ((4095 - max_bright_gap)*Btight_pixel_upBoud_ratio) / 256) | Q9: ?
C10: N.A | D10: 1 | J10: reg_dpc_b_bright_pixel_upboud_ratio | K10: 0 | L10: 0 | M10: 255 | N10: 236 | O10: B bright threshold high bound , limit max diif will not over saturation , base is 256 min(Diff_Thre, ((4095 - max_bright_gap)*Btight_pixel_upBoud_ratio) / 256) | Q10: ?
A11: DPC dark strength | C11: dpc_r_dark_pixel_ratio | D11: 0 | F11: 0 | G11: 1023 | H11: 200 | I11: 1 | J11: reg_dpc_r_dark_pixel_ratio | K11: 0 | L11: 0 | M11: 1023 | N11: 200 | O11: threshold of R dark pixel , the ratio of 1/4 Avg, base is 256 | R11: ISP_DPC_MANUAL_DPC_R_DARK_PIXEL_RATIO | S11: ISP_DPC_AUTO_DPC_R_DARK_PIXEL_RATIO
C12: dpc_g_dark_pixel_ratio | D12: 0 | F12: 0 | G12: 1023 | H12: 200 | I12: 1 | J12: reg_dpc_r_dark_pixel_ratio | K12: 0 | L12: 0 | M12: 1023 | N12: 200 | O12: threshold of G dark pixel , the ratio of 1/4 Avg, base is 256 | R12: ISP_DPC_MANUAL_DPC_G_DARK_PIXEL_RATIO | S12: ISP_DPC_AUTO_DPC_G_DARK_PIXEL_RATIO
C13: dpc_b_dark_pixel_ratio | D13: 0 | F13: 0 | G13: 1023 | H13: 200 | I13: 1 | J13: reg_dpc_b_dark_pixel_ratio | K13: 0 | L13: 0 | M13: 1023 | N13: 200 | O13: threshold of B dark pixel , the ratio of 1/4 Avg, base is 256 | R13: ISP_DPC_MANUAL_DPC_B_DARK_PIXEL_RATIO | S13: ISP_DPC_AUTO_DPC_B_DARK_PIXEL_RATIO
C14: dpc_r_dark_pixel_mindiff | D14: 0 | F14: 0 | G14: 255 | H14: 11 | I14: 1 | J14: reg_dpc_r_dark_pixel_mindiff | K14: 0 | L14: 0 | M14: 255 | N14: 11 | O14: min limit of R dark threshold , 12 bit data range | R14: ISP_DPC_MANUAL_DPC_R_DARK_PIXEL_MINDIFF | S14: ISP_DPC_AUTO_DPC_R_DARK_PIXEL_MINDIFF
C15: dpc_g_dark_pixel_mindiff | D15: 0 | F15: 0 | G15: 255 | H15: 11 | I15: 1 | J15: reg_dpc_g_dark_pixel_mindiff | K15: 0 | L15: 0 | M15: 255 | N15: 11 | O15: min limit of G dark threshold , 12 bit data range | R15: ISP_DPC_MANUAL_DPC_G_DARK_PIXEL_MINDIFF | S15: ISP_DPC_AUTO_DPC_G_DARK_PIXEL_MINDIFF
C16: dpc_b_dark_pixel_mindiff | D16: 0 | F16: 0 | G16: 255 | H16: 11 | I16: 1 | J16: reg_dpc_b_dark_pixel_mindiff | K16: 0 | L16: 0 | M16: 255 | N16: 11 | O16: min limit of B dark threshold , 12 bit data range | R16: ISP_DPC_MANUAL_DPC_B_DARK_PIXEL_MINDIFF | S16: ISP_DPC_AUTO_DPC_B_DARK_PIXEL_MINDIFF
A17: DPC flat strength | C17: dpc_flat_thre_r | D17: 0 | F17: 0 | G17: 255 | H17: 20 | I17: 1 | J17: reg_dpc_flat_thre_r | K17: 0 | L17: 0 | M17: 255 | N17: 20 | O17: R flat threshold ratio , STD compare with ratio of Avg , base is 256 | R17: ISP_DPC_MANUAL_DPC_FLAT_THRE_R | S17: ISP_DPC_AUTO_DPC_FLAT_THRE_R
C18: dpc_flat_thre_g | D18: 0 | F18: 0 | G18: 255 | H18: 20 | I18: 1 | J18: reg_dpc_flat_thre_g | K18: 0 | L18: 0 | M18: 255 | N18: 20 | O18: G flat threshold ratio , STD compare with ratio of Avg , base is 256 | R18: ISP_DPC_MANUAL_DPC_FLAT_THRE_G | S18: ISP_DPC_AUTO_DPC_FLAT_THRE_G
C19: dpc_flat_thre_b | D19: 0 | F19: 0 | G19: 255 | H19: 20 | I19: 1 | J19: reg_dpc_flat_thre_b | K19: 0 | L19: 0 | M19: 255 | N19: 20 | O19: B flat threshold ratio , STD compare with ratio of Avg , base is 256 | R19: ISP_DPC_MANUAL_DPC_FLAT_THRE_B | S19: ISP_DPC_AUTO_DPC_FLAT_THRE_B
C20: dpc_flat_thre_min_g | D20: 0 | F20: 0 | G20: 255 | H20: 15 | I20: 1 | J20: reg_dpc_flat_thre_min_g | K20: 0 | L20: 0 | M20: 255 | N20: 15 | O20: G non-Flat STD min | R20: ISP_DPC_MANUAL_DPC_FLAT_THRE_MIN_G | S20: ISP_DPC_AUTO_DPC_FLAT_THRE_MIN_G
C21: dpc_flat_thre_min_rb | D21: 0 | F21: 0 | G21: 255 | H21: 15 | I21: 1 | J21: reg_dpc_flat_thre_min_rb | K21: 0 | L21: 0 | M21: 255 | N21: 15 | O21: RG non-Flat STD min | R21: ISP_DPC_MANUAL_DPC_FLAT_THRE_MIN_RB | S21: ISP_DPC_AUTO_DPC_FLAT_THRE_MIN_RB
AK26: ISP_REG_DPC_R_BRIGHT_PIXEL_UPBOUD_RATIO
AK27: ISP_REG_DPC_G_BRIGHT_PIXEL_UPBOUD_RATIO
AK28: ISP_REG_DPC_B_BRIGHT_PIXEL_UPBOUD_RATIO

Sheet Crosstalk
A1: function section | B1: API name | C1: API parameter | D1: UI Level | E1: Calibration | F1: low value | G1: high value | H1: default value | I1: auto | J1: register | K1: dynamic | L1: low value | M1: high value | N1: default value | O1: description | P1: Autogen | Q1: isp_param_def.h | R1: Manual | S1: Auto | T1: cvi_vip_tun_cfg.h | U1: Note
A2: Common | B2: BM_MPI_ISP_SetCrosstalkAttr | C2: ge_enable | D2: 0 | F2: 0 | G2: 1 | H2: 0 | I2: 1 | J2: reg_ge_en | K2: 0 | L2: 0 | M2: 1 | N2: 0 | O2: enable GE | R2: ISP_CROSSTALK_MANUAL_GE_ENABLE | S2: ISP_CROSSTALK_AUTO_GE_ENABLE | T2: __u8 enable; | U2: ISP_CROSSTALK_ENOPTYPE
A3: GE strength | C3: ge_GrGbDiff_Thre_sec1 | D3: 0 | F3: 0 | G3: 4095 | H3: 128 | I3: 0 | J3: reg_ge_thre1 | K3: 0 | L3: 0 | M3: 4095 | N3: 128 | O3: G same channel weighting Thre 1 , larger with more average | Q3: ISP_CROSSTALK_GE_GRGBDIFF_THRE_SEC1 | T3: struct cvi_isp_ge_tun_cfg ge_cfg;
C4: ge_GrGbDiff_Thre_sec2 | D4: 0 | F4: 0 | G4: 4095 | H4: 192 | I4: 0 | J4: reg_ge_thre2 | K4: 0 | L4: 0 | M4: 4095 | N4: 192 | O4: G same channel weighting Thre 2 ( Thre 2 >=Thre 1) , larger with more average | Q4: ISP_CROSSTALK_GE_GRGBDIFF_THRE_SEC2 | T4: struct cvi_isp_ge_tun_cfg ge_cfg;
C5: ge_GrGbDiff_Thre_sec3 | D5: 0 | F5: 0 | G5: 4095 | H5: 224 | I5: 0 | J5: reg_ge_thre3 | K5: 0 | L5: 0 | M5: 4095 | N5: 224 | O5: G same channel weighting Thre 3( Thre 3 >=Thre 2) , larger with more average | Q5: ISP_CROSSTALK_GE_GRGBDIFF_THRE_SEC3 | T5: struct cvi_isp_ge_tun_cfg ge_cfg;
C6: ge_GrGbDiff_Thre_sec4 | D6: 0 | F6: 0 | G6: 4095 | H6: 256 | I6: 0 | J6: reg_ge_thre4 | K6: 0 | L6: 0 | M6: 4095 | N6: 256 | O6: G same channel weighting Thre 4 ( Thre 4 >=Thre 3) , larger with more average | Q6: ISP_CROSSTALK_GE_GRGBDIFF_THRE_SEC4 | T6: struct cvi_isp_ge_tun_cfg ge_cfg;
C7: N.A | D7: 1 | J7: reg_ge_thre1_2 | K7: 0 | L7: 0 | M7: 4095 | N7: 128 | O7: G diff channel weighting Thre 1 , larger with more average | Q7: ? | T7: struct cvi_isp_ge_tun_cfg ge_cfg;
C8: N.A | D8: 1 | J8: reg_ge_thre2_2 | K8: 0 | L8: 0 | M8: 4095 | N8: 192 | O8: G diff channel weighting Thre 2 ( Thre 2 >=Thre 1) , larger with more average | Q8: ? | T8: struct cvi_isp_ge_tun_cfg ge_cfg;
C9: N.A | D9: 1 | J9: reg_ge_thre3_2 | K9: 0 | L9: 0 | M9: 4095 | N9: 224 | O9: G diff channel weighting Thre 3( Thre 3 >=Thre 2) , larger with more average | Q9: ? | T9: struct cvi_isp_ge_tun_cfg ge_cfg;
C10: N.A | D10: 1 | J10: reg_ge_thre4_2 | K10: 0 | L10: 0 | M10: 4095 | N10: 256 | O10: G diff channel weighting Thre 4 ( Thre 4 >=Thre 3) , larger with more average | Q10: ? | T10: struct cvi_isp_ge_tun_cfg ge_cfg;
C11: N.A | D11: 1 | J11: reg_ge_combineweight | K11: 0 | L11: 0 | M11: 8 | N11: 4 | O11: GrGb combine ratio , 8: 100% same chanel G , 0: 50% same channel G , 50% diff channel G | Q11: ? | T11: struct cvi_isp_ge_tun_cfg ge_cfg;
A12: GE flat detection | C12: ge_Flat_Thre1 | D12: 0 | F12: 0 | G12: 4095 | H12: 128 | I12: 0 | J12: reg_ge_thre1_1 | K12: 0 | L12: 0 | M12: 4095 | N12: 128 | O12: STD weighting Thre 1 , larger more flat detect , more GE take effect | Q12: ISP_CROSSTALK_GE_FLAT_THRE1 | T12: struct cvi_isp_ge_tun_cfg ge_cfg;
C13: ge_Flat_Thre2 | D13: 0 | F13: 0 | G13: 4095 | H13: 192 | I13: 0 | J13: reg_ge_thre2_1 | K13: 0 | L13: 0 | M13: 4095 | N13: 192 | O13: STD weighting Thre 2 ( Thre 2 >=Thre 1), larger more flat detect , more GE take effect | Q13: ISP_CROSSTALK_GE_FLAT_THRE2 | T13: struct cvi_isp_ge_tun_cfg ge_cfg;
C14: ge_Flat_Thre3 | D14: 0 | F14: 0 | G14: 4095 | H14: 224 | I14: 0 | J14: reg_ge_thre3_1 | K14: 0 | L14: 0 | M14: 4095 | N14: 224 | O14: STD weighting Thre 3( Thre 3 >=Thre 2), larger more flat detect , more GE take effect | Q14: ISP_CROSSTALK_GE_FLAT_THRE3 | T14: struct cvi_isp_ge_tun_cfg ge_cfg;
C15: ge_Flat_Thre4 | D15: 0 | F15: 0 | G15: 4095 | H15: 256 | I15: 0 | J15: reg_ge_thre4_1 | K15: 0 | L15: 0 | M15: 4095 | N15: 256 | O15: STD weighting Thre 4 ( Thre 4 >=Thre 3), larger more flat detect , more GE take effect | Q15: ISP_CROSSTALK_GE_FLAT_THRE4 | T15: struct cvi_isp_ge_tun_cfg ge_cfg;
A16: GE global strength | C16: ge_strength | D16: 0 | F16: 0 | G16: 256 | H16: 64 | I16: 0 | J16: reg_ge_strength | K16: 0 | L16: 0 | M16: 256 | N16: 64 | O16: GE strength , 256 : 100% GE compensation , 0: 100% current pixel | Q16: ISP_CROSSTALK_GE_STRENGTH | T16: struct cvi_isp_ge_tun_cfg ge_cfg;
E33: 1
E34: 1
E35: 1
E36: 1
E37: 1
E38: 1
E39: 1
E40: 1
E41: 1
E42: 1
E43: 1
E44: 1
... E66: 1

Sheet Cali_CLut
A1: function section | B1: API name | C1: API parameter | D1: low value | E1: high value | F1: default value | G1: auto | H1: register | I1: dynamic | J1: low value | K1: high value | L1: default value | M1: description
A2: CLUT | C2: clut[17][17][17] | D2: 0 | E2: 16777215 | F2: 0 | G2: 0 | M2: clut[R_idx][G_idx][B_idx] = {R target value, G target value, B target value}

Sheet Cali_DPC
A1: function section | B1: API name | C1: API parameter | D1: low value | E1: high value | F1: default value | G1: auto | H1: register | I1: dynamic | J1: low value | K1: high value | L1: default value | M1: description
A2: Calibrated defect pixel coordinates | C2: dpc_coordinate | D2: 0 | E2: 16777216 | F2: 0 | G2: 1 | H2: reg_static_defect[4096] | I2: 0 | J2: 0 | K2: 16777216 | L2: 0 | M2: calibrated static defect coordinates

Sheet Cali_BlackLevel
A1: function section | B1: API name | C1: API parameter | D1: low value | E1: high value | F1: default value | G1: auto | H1: register | I1: dynamic | J1: low value | K1: high value | L1: default value | M1: description
A2: OB value | B2: BM_MPI_ISP_SetBlackLevelAttr | C2: blc_offset_r | D2: 0 | E2: 1023 | F2: 0 | G2: 0
C3: blc_offset_gr | D3: 0 | E3: 1023 | F3: 0 | G3: 0
C4: blc_offset_gb | D4: 0 | E4: 1023 | F4: 0 | G4: 0
C5: blc_offset_b | D5: 0 | E5: 1023 | F5: 0 | G5: 0

Sheet Cali_RadialShading
A1: function section | B1: API name | C1: API parameter | D1: low value | E1: high value | F1: default value | G1: parameter description | H1: auto | I1: register | J1: dynamic | K1: low value | L1: high value | M1: default value | N1: description
A2: common | B2: BM_MPI_RadialShading_Attr_set | C2: lscr_centerx | D2: 0 | E2: 4095 | F2: 0 | H2: 0 | N2: x coordinate of lens center
C3: lscr_centery | D3: 0 | E3: 2047 | F3: 0 | H3: 0 | N3: y coordinate of lens center
A4: lsc gain | B4: BM_MPI_RShadng_LUT | C4: lscr_gain[32] | D4: 0 | E4: 4095 | F4: 512 | H4: 0 | N4: rLSC gain table

Sheet Cali_MeshShading
A1: function section | B1: API name | C1: API parameter | D1: low value | E1: high value | F1: default value | G1: auto | H1: register | I1: dynamic | J1: low value | K1: high value | L1: default value | M1: description
A2: lsc gain | C2: lsc_r_gain[5][1369] | D2: 0 | E2: 4095 | F2: 512 | G2: 1 | M2: mLSC R gain table
C3: lsc_g_gain[5][1369] | D3: 0 | E3: 4095 | F3: 512 | G3: 1 | M3: mLSC G gain table
C4: lsc_b_gain[5][1369] | D4: 0 | E4: 4095 | F4: 512 | G4: 1 | M4: mLSC B gain table

Sheet Sheet1

Sheet Cali_Noise profile
A1: function section | B1: API name | C1: API parameter | D1: low value | E1: high value | F1: default value | G1: parameter description | H1: auto | I1: register | J1: dynamic | K1: low value | L1: high value | M1: default value | N1: description
A2: Noise profile | C2: noise_profile[16][4][2] | D2: 0 | E2: 4095 | F2: 0 | H2: 1 | I2: N.A | K2: 0 | L2: 4095 | N2: 16x2 number of entries of RGGB channels containing 16 parameters [a, b] associated with ISOs ranged from 100, 200, …, 3276800

Sheet Cali_AWB
A1: function section | B1: API name | C1: API parameter | D1: low value | E1: high value | F1: default value | G1: auto | H1: register | I1: dynamic | J1: low value | K1: high value | L1: default value | M1: description
A2: WB gain | C2: wbg_rgain[5] | D2: 0 | E2: 16383 | F2: 1024 | G2: 1
C3: wbg_ggain[5] | D3: 0 | E3: 16383 | F3: 1024 | G3: 1
C4: wbg_bgain[5] | D4: 0 | E4: 16383 | F4: 1024 | G4: 1

Sheet TNR
A1: function section | B1: API name | C1: API parameter | D1: UI Level | E1: Calibration | F1: low value | G1: high value | H1: default value | I1: auto | J1: register | K1: dynamic | L1: low value | M1: high value | N1: default value | O1: description
C2: tnr_enable | J2: reg_manr_enable | K2: 1 | L2: 0 | M2: 1 | N2: 0 | O2: manr_enable set 0 = bypass
C3: tnr_merge_mode | F3: 0 | G3: 1 | H3: 0 | I3: 1 | J3: reg_mmap_mrg_mode | K3: 1 | L3: 0 | M3: 1 | N3: 0
C4: tnr_merge_mode_alpha | F4: 0 | G4: 1 | H4: 0 | I4: 1 | J4: reg_mmap_mrg_alph | K4: 1 | L4: 0 | M4: 255 | N4: 0
C5: N.A | J5: reg_rgbmap_w_bit | K5: 0 | L5: 3 | M5: 7 | N5: 3
C6: N.A | J6: reg_rgbmap_h_bit | K6: 0 | L6: 3 | M6: 7 | N6: 3
A7: global strength | C7: tnr_path0_strength | F7: 0 | G7: 255 | H7: 16 | I7: 1 | J7: reg_mmap_0_map_gain | K7: 1 | L7: 0 | M7: 255 | N7: 16
C8: tnr_path0_map_thd_l | F8: 0 | G8: 255 | H8: 0 | I8: 1 | J8: reg_mmap_0_map_thd_l | K8: 1 | L8: 0 | M8: 255 | N8: 0
C9: tnr_path0_map_thd_h | F9: 0 | G9: 255 | H9: 255 | I9: 1 | J9: reg_mmap_0_map_thd_h | K9: 1 | L9: 0 | M9: 255 | N9: 255
C10: tnr_path1_strength | F10: 0 | G10: 255 | H10: 16 | I10: 1 | J10: reg_mmap_1_map_gain | K10: 1 | L10: 0 | M10: 255 | N10: 16
C11: tnr_path1_map_thd_l | F11: 0 | G11: 255 | H11: 0 | I11: 1 | J11: reg_mmap_1_map_thd_l | K11: 1 | L11: 0 | M11: 255 | N11: 0
C12: tnr_path1_map_thd_h | F12: 0 | G12: 255 | H12: 255 | I12: 1 | J12: reg_mmap_1_map_thd_h | K12: 1 | L12: 0 | M12: 255 | N12: 255
A13: noise model | C13: tnr_path0_r_noise_level | F13: 0 | G13: 255 | H13: 64 | I13: 1 | J13: reg_mmap_0_ns_slope_r | K13: 1 | L13: 0 | M13: 1023 | N13: 0 | O13: 0 ~ 255 mapping to 0 noise std ~ 3.984375 std
J14: reg_mmap_0_ns_luma_th0_r | K14: 1 | L14: 0 | M14: 4095 | N14: 0
J15: reg_mmap_0_ns_low_offset_r | K15: 1 | L15: 0 | M15: 4095 | N15: 0
J16: reg_mmap_0_ns_high_offset_r | K16: 1 | L16: 0 | M16: 4095 | N16: 0
C17: tnr_path0_g_noise_level | F17: 0 | G17: 255 | H17: 64 | I17: 1 | J17: reg_mmap_0_ns_slope_g | K17: 1 | L17: 0 | M17: 1023 | N17: 0 | O17: 0 ~ 255 mapping to 0 noise std ~ 3.984375 std
J18: reg_mmap_0_ns_luma_th0_g | K18: 1 | L18: 0 | M18: 4095 | N18: 0
J19: reg_mmap_0_ns_low_offset_g | K19: 1 | L19: 0 | M19: 4095 | N19: 0
J20: reg_mmap_0_ns_high_offset_g | K20: 1 | L20: 0 | M20: 4095 | N20: 0
C21: tnr_path0_b_noise_level | F21: 0 | G21: 255 | H21: 64 | I21: 1 | J21: reg_mmap_0_ns_slope_b | K21: 1 | L21: 0 | M21: 1023 | N21: 0 | O21: 0 ~ 255 mapping to 0 noise std ~ 3.984375 std
J22: reg_mmap_0_ns_luma_th0_b | K22: 1 | L22: 0 | M22: 4095 | N22: 0
J23: reg_mmap_0_ns_low_offset_b | K23: 1 | L23: 0 | M23: 4095 | N23: 0
J24: reg_mmap_0_ns_high_offset_b | K24: 1 | L24: 0 | M24: 4095 | N24: 0
C25: tnr_path1_r_noise_level | F25: 0 | G25: 255 | H25: 64 | I25: 1 | J25: reg_mmap_1_ns_slope_r | K25: 1 | L25: 0 | M25: 1023 | N25: 0 | O25: 0 ~ 255 mapping to 0 noise std ~ 3.984375 std
J26: reg_mmap_1_ns_luma_th0_r | K26: 1 | L26: 0 | M26: 4095 | N26: 0
J27: reg_mmap_1_ns_low_offset_r | K27: 1 | L27: 0 | M27: 4095 | N27: 0
J28: reg_mmap_1_ns_high_offset_r | K28: 1 | L28: 0 | M28: 4095 | N28: 0
C29: tnr_path1_g_noise_level | F29: 0 | G29: 255 | H29: 64 | I29: 1 | J29: reg_mmap_1_ns_slope_g | K29: 1 | L29: 0 | M29: 1023 | N29: 0 | O29: 0 ~ 255 mapping to 0 noise std ~ 3.984375 std
J30: reg_mmap_1_ns_luma_th0_g | K30: 1 | L30: 0 | M30: 4095 | N30: 0
J31: reg_mmap_1_ns_low_offset_g | K31: 1 | L31: 0 | M31: 4095 | N31: 0
J32: reg_mmap_1_ns_high_offset_g | K32: 1 | L32: 0 | M32: 4095 | N32: 0
C33: tnr_path1_b_noise_level | F33: 0 | G33: 255 | H33: 64 | I33: 1 | J33: reg_mmap_1_ns_slope_b | K33: 1 | L33: 0 | M33: 1023 | N33: 0 | O33: 0 ~ 255 mapping to 0 noise std ~ 3.984375 std
J34: reg_mmap_1_ns_luma_th0_b | K34: 1 | L34: 0 | M34: 4095 | N34: 0
J35: reg_mmap_1_ns_low_offset_b | K35: 1 | L35: 0 | M35: 4095 | N35: 0
J36: reg_mmap_1_ns_high_offset_b | K36: 1 | L36: 0 | M36: 4095 | N36: 0
A37: gain change compensation | C37: N.A | J37: reg_mmap_0_gain_ratio_r | K37: 1 | L37: 0 | M37: 65535 | N37: 4096
C38: N.A | J38: reg_mmap_0_gain_ratio_g | K38: 1 | L38: 0 | M38: 65535 | N38: 4096
C39: N.A | J39: reg_mmap_0_gain_ratio_b | K39: 1 | L39: 0 | M39: 65535 | N39: 4096
C40: N.A | J40: reg_mmap_1_gain_ratio_r | K40: 1 | L40: 0 | M40: 65535 | N40: 4096
C41: N.A | J41: reg_mmap_1_gain_ratio_g | K41: 1 | L41: 0 | M41: 65535 | N41: 4096
C42: N.A | J42: reg_mmap_1_gain_ratio_b | K42: 1 | L42: 0 | M42: 65535 | N42: 4096
A43: luma to motion | C43: tnr_path0_l2m_in0 | F43: 0 | G43: 4095 | H43: 0 | I43: 1 | J43: reg_mmap_0_luma_adapt_lut_in_0 | K43: 1 | L43: 0 | M43: 4095 | N43: 0
C44: tnr_path0_l2m_in1 | F44: 0 | G44: 4095 | H44: 0 | I44: 1 | J44: reg_mmap_0_luma_adapt_lut_in_1 | K44: 1 | L44: 0 | M44: 4095 | N44: 600
C45: tnr_path0_l2m_in2 | F45: 0 | G45: 4095 | H45: 0 | I45: 1 | J45: reg_mmap_0_luma_adapt_lut_in_2 | K45: 1 | L45: 0 | M45: 4095 | N45: 1500
C46: tnr_path0_l2m_in3 | F46: 0 | G46: 4095 | H46: 0 | I46: 1 | J46: reg_mmap_0_luma_adapt_lut_in_3 | K46: 1 | L46: 0 | M46: 4095 | N46: 2500
C47: tnr_path0_l2m_out0 | F47: 0 | G47: 63 | H47: 0 | I47: 1 | J47: reg_mmap_0_luma_adapt_lut_out_0 | K47: 1 | L47: 0 | M47: 63 | N47: 16
C48: tnr_path0_l2m_out1 | F48: 0 | G48: 63 | H48: 0 | I48: 1 | J48: reg_mmap_0_luma_adapt_lut_out_1 | K48: 1 | L48: 0 | M48: 63 | N48: 16
C49: tnr_path0_l2m_out2 | F49: 0 | G49: 63 | H49: 0 | I49: 1 | J49: reg_mmap_0_luma_adapt_lut_out_2 | K49: 1 | L49: 0 | M49: 63 | N49: 16
C50: tnr_path0_l2m_out3 | F50: 0 | G50: 63 | H50: 0 | I50: 1 | J50: reg_mmap_0_luma_adapt_lut_out_3 | K50: 1 | L50: 0 | M50: 63 | N50: 16
C51: N.A | J51: reg_mmap_0_luma_adapt_lut_slope_0 | K51: 1 | L51: -2048 | M51: 2047 | N51: 0
C52: N.A | J52: reg_mmap_0_luma_adapt_lut_slope_1 | K52: 1 | L52: -2048 | M52: 2047 | N52: 0
C53: N.A | J53: reg_mmap_0_luma_adapt_lut_slope_2 | K53: 1 | L53: -2048 | M53: 2047 | N53: 0
C54: tnr_path1_l2m_in0 | F54: 0 | G54: 4095 | H54: 0 | I54: 1 | J54: reg_mmap_1_luma_adapt_lut_in_0 | K54: 1 | L54: 0 | M54: 4095 | N54: 0
C55: tnr_path1_l2m_in1 | F55: 0 | G55: 4095 | H55: 0 | I55: 1 | J55: reg_mmap_1_luma_adapt_lut_in_1 | K55: 1 | L55: 0 | M55: 4095 | N55: 600
C56: tnr_path1_l2m_in2 | F56: 0 | G56: 4095 | H56: 0 | I56: 1 | J56: reg_mmap_1_luma_adapt_lut_in_2 | K56: 1 | L56: 0 | M56: 4095 | N56: 1500
C57: tnr_path1_l2m_in3 | F57: 0 | G57: 4095 | H57: 0 | I57: 1 | J57: reg_mmap_1_luma_adapt_lut_in_3 | K57: 1 | L57: 0 | M57: 4095 | N57: 2500
C58: tnr_path1_l2m_out0 | F58: 0 | G58: 63 | H58: 0 | I58: 1 | J58: reg_mmap_1_luma_adapt_lut_out_0 | K58: 1 | L58: 0 | M58: 63 | N58: 16
C59: tnr_path1_l2m_out1 | F59: 0 | G59: 63 | H59: 0 | I59: 1 | J59: reg_mmap_1_luma_adapt_lut_out_1 | K59: 1 | L59: 0 | M59: 63 | N59: 16
C60: tnr_path1_l2m_out2 | F60: 0 | G60: 63 | H60: 0 | I60: 1 | J60: reg_mmap_1_luma_adapt_lut_out_2 | K60: 1 | L60: 0 | M60: 63 | N60: 16
C61: tnr_path1_l2m_out3 | F61: 0 | G61: 63 | H61: 0 | I61: 1 | J61: reg_mmap_1_luma_adapt_lut_out_3 | K61: 1 | L61: 0 | M61: 63 | N61: 16
C62: N.A | J62: reg_mmap_1_luma_adapt_lut_slope_0 | K62: 1 | L62: -2048 | M62: 2047 | N62: 0
C63: N.A | J63: reg_mmap_1_luma_adapt_lut_slope_1 | K63: 1 | L63: -2048 | M63: 2047 | N63: 0
C64: N.A | J64: reg_mmap_1_luma_adapt_lut_slope_2 | K64: 1 | L64: -2048 | M64: 2047 | N64: 0
A65: motion lpf | C65: N.A | I65: 1 | J65: reg_mmap_0_lpf_00 | K65: 1 | L65: 0 | M65: 7 | N65: 3
J66: reg_mmap_0_lpf_01 | K66: 1 | L66: 0 | M66: 7 | N66: 4
J67: reg_mmap_0_lpf_02 | K67: 1 | L67: 0 | M67: 7 | N67: 3
J68: reg_mmap_0_lpf_10 | K68: 1 | L68: 0 | M68: 7 | N68: 4
J69: reg_mmap_0_lpf_11 | K69: 1 | L69: 0 | M69: 7 | N69: 4
J70: reg_mmap_0_lpf_12 | K70: 1 | L70: 0 | M70: 7 | N70: 4
J71: reg_mmap_0_lpf_20 | K71: 1 | L71: 0 | M71: 7 | N71: 3
J72: reg_mmap_0_lpf_21 | K72: 1 | L72: 0 | M72: 7 | N72: 4
J73: reg_mmap_0_lpf_22 | K73: 1 | L73: 0 | M73: 7 | N73: 3
J74: reg_mmap_0_map_coring | K74: 1 | L74: 0 | M74: 255 | N74: 0
J75: reg_mmap_0_map_dshift_bit | K75: 1 | L75: 0 | M75: 7 | N75: 5
C76: N.A | I76: 1 | J76: reg_mmap_1_lpf_00 | K76: 1 | L76: 0 | M76: 7 | N76: 3
J77: reg_mmap_1_lpf_01 | K77: 1 | L77: 0 | M77: 7 | N77: 4
J78: reg_mmap_1_lpf_02 | K78: 1 | L78: 0 | M78: 7 | N78: 3
J79: reg_mmap_1_lpf_10 | K79: 1 | L79: 0 | M79: 7 | N79: 4
J80: reg_mmap_1_lpf_11 | K80: 1 | L80: 0 | M80: 7 | N80: 4
J81: reg_mmap_1_lpf_12 | K81: 1 | L81: 0 | M81: 7 | N81: 4
J82: reg_mmap_1_lpf_20 | K82: 1 | L82: 0 | M82: 7 | N82: 3
J83: reg_mmap_1_lpf_21 | K83: 1 | L83: 0 | M83: 7 | N83: 4
J84: reg_mmap_1_lpf_22 | K84: 1 | L84: 0 | M84: 7 | N84: 3
J85: reg_mmap_1_map_coring | K85: 1 | L85: 0 | M85: 255 | N85: 0
J86: reg_mmap_1_map_dshift_bit | K86: 1 | L86: 0 | M86: 7 | N86: 5
A87: ghost alleviation | C87: tnr_path0_prtct_in0 | F87: 0 | G87: 255 | H87: 0 | I87: 1 | J87: reg_mmap_0_iir_prtct_lut_in_0 | K87: 1 | L87: 0 | M87: 255 | N87: 0
C88: tnr_path0_prtct_in1 | F88: 0 | G88: 255 | H88: 0 | I88: 1 | J88: reg_mmap_0_iir_prtct_lut_in_1 | K88: 1 | L88: 0 | M88: 255 | N88: 45
C89: tnr_path0_prtct_in2 | F89: 0 | G89: 255 | H89: 0 | I89: 1 | J89: reg_mmap_0_iir_prtct_lut_in_2 | K89: 1 | L89: 0 | M89: 255 | N89: 90
C90: tnr_path0_prtct_in3 | F90: 0 | G90: 255 | H90: 0 | I90: 1 | J90: reg_mmap_0_iir_prtct_lut_in_3 | K90: 1 | L90: 0 | M90: 255 | N90: 255
C91: tnr_path0_prtct_out0 | F91: 0 | G91: 15 | H91: 0 | I91: 1 | J91: reg_mmap_0_iir_prtct_lut_out_0 | K91: 1 | L91: 0 | M91: 15 | N91: 0
C92: tnr_path0_prtct_out1 | F92: 0 | G92: 15 | H92: 0 | I92: 1 | J92: reg_mmap_0_iir_prtct_lut_out_1 | K92: 1 | L92: 0 | M92: 15 | N92: 0
C93: tnr_path0_prtct_out2 | F93: 0 | G93: 15 | H93: 0 | I93: 1 | J93: reg_mmap_0_iir_prtct_lut_out_2 | K93: 1 | L93: 0 | M93: 15 | N93: 0
C94: tnr_path0_prtct_out3 | F94: 0 | G94: 15 | H94: 0 | I94: 1 | J94: reg_mmap_0_iir_prtct_lut_out_3 | K94: 1 | L94: 0 | M94: 15 | N94: 0
C95: N.A | J95: reg_mmap_0_iir_prtct_lut_slope_0 | K95: 1 | L95: -512 | M95: 511 | N95: 0
C96: N.A | J96: reg_mmap_0_iir_prtct_lut_slope_1 | K96: 1 | L96: -512 | M96: 511 | N96: 0
C97: N.A | J97: reg_mmap_0_iir_prtct_lut_slope_2 | K97: 1 | L97: -512 | M97: 511 | N97: 0
C98: tnr_path1_prtct_in0 | F98: 0 | G98: 255 | H98: 0 | I98: 1 | J98: reg_mmap_1_iir_prtct_lut_in_0 | K98: 1 | L98: 0 | M98: 255 | N98: 0
C99: tnr_path1_prtct_in1 | F99: 0 | G99: 255 | H99: 0 | I99: 1 | J99: reg_mmap_1_iir_prtct_lut_in_1 | K99: 1 | L99: 0 | M99: 255 | N99: 45
C100: tnr_path1_prtct_in2 | F100: 0 | G100: 255 | H100: 0 | I100: 1 | J100: reg_mmap_1_iir_prtct_lut_in_2 | K100: 1 | L100: 0 | M100: 255 | N100: 90
...

Sheet Cali_AELV
A1: function section | B1: API name | C1: API parameter | D1: low value | E1: high value | F1: default value | G1: auto | H1: register | I1: dynamic | J1: low value | K1: high value | L1: default value | M1: description
C2: TargetY | D2: 0 | E2: 255 | F2: 64 | G2: 0 | H2: u8TargetY | I2: 1 | J2: 0 | K2: 255 | L2: 64 | M2: 目標亮度，預設64。 取值范围：[0x0, 0xFF]。
C3: AEAvgMode | D3: 0 | E3: 1 | F3: 1 | G3: 0 | H3: enAEAvgMode | I3: 1 | J3: 0 | K3: 1 | L3: 1 | M3: 計算平均值的來源，預設ISP_AE_AVG_G_MODE。 取值范围：[ISP_AE_AVG_LUM_MODE, ISP_AE_AVG_G_MODE]。
C4: LightValue | D4: -15 | E4: 18 | F4: 10 | G4: 0 | H4: S8LightValue | I4: 1 | J4: -15 | K4: 18 | L4: 10 | M4: Light value (ISO100時，EV=LV)，預設10。
C5: IrisFNO | D5: 0 | E5: 10 | F5: 8 | G5: 0 | H5: enIrisFNO | I5: 1 | J5: 0 | K5: 10 | L5: 8 | M5: 节点光圈 F 值大小，仅支持 P-Iris，不支持 DC-Iris。預設ISP_IRIS_F_NO_2_0。 取值范围：[ISP_IRIS_F_NO_32_0, ISP_IRIS_F_NO_1_0]。
C6: ExposureTime(us) | D6: 0 | E6: 4294967295 | F6: 4000 | G6: 0 | H6: u32ExpTime | I6: 1 | J6: 0 | K6: 4294967295 | L6: 4000 | M6: 曝光时间，单位为微秒(us)，僅針對長曝進行校正。 預設1/250s。取值范围：[0x0, 0xFFFFFFFF]。
C7: SensorGain | D7: 0 | E7: 240 | F7: 0 | G7: 0 | H7: u8SensorGain | I7: 1 | J7: 0 | K7: 240 | L7: 0 | M7: Sensor Gain值。 (在此以IMX290為例) 取值范围：[0x0, 0xF0]。

Sheet Cali_CCM
A1: function section | B1: API name | C1: API parameter | D1: low value | E1: high value | F1: default value | G1: auto | H1: register | I1: dynamic | J1: low value | K1: high value | L1: default value | M1: description
A2: ccm matrix | C2: ccm[5][9] | D2: 0 | E2: 16383 | F2: 1024 | G2: 1
D3: 0 | E3: 16383 | F3: 0 | G3: 1
D4: 0 | E4: 16383 | F4: 0 | G4: 1
D5: 0 | E5: 16383 | F5: 0 | G5: 1
D6: 0 | E6: 16383 | F6: 1024 | G6: 1
D7: 0 | E7: 16383 | F7: 0 | G7: 1
D8: 0 | E8: 16383 | F8: 0 | G8: 1
D9: 0 | E9: 16383 | F9: 0 | G9: 1
D10: 0 | E10: 16383 | F10: 1024 | G10: 1

Sheet Sharpen
A1: function section | B1: API name | C1: API parameter | D1: UI Level | E1: Calibration | F1: low value | G1: high value | H1: default value | I1: auto | J1: register | K1: dynamic | L1: low value | M1: high value | N1: default value | O1: description
A2: common | B2: BM_MPI_ISP_SetSharpenAttr | C2: ee_enable | F2: 0 | G2: 1 | H2: 0 | I2: 1 | J2: reg_ee_enable | K2: 1 | L2: 0 | M2: 1 | N2: 0 | O2: ee function enable
C3: ee_dbg_mode | F3: 0 | G3: 11 | H3: 0 | I3: 0 | J3: reg_ee_dbg_mode | K3: 0 | L3: 0 | M3: 11 | N3: 0 | O3: 0~11 , 0 : EE result output 1: total_delta debug: 2: total_delta positive debug: 3: total_delta negative debug: 4. adptgain_lumawgt debug: 5. adptgain_deltawgt debug: 6. adptgain_wgt debug: 7. dirdet_wgt debug: 8. dgr4_000 debug: 9. dgr4_090 debug: 10. dgr4_045 debug: 11. dgr4_135 debug:
C4: ee_dbg_mode_level_shift | F4: 0 | G4: 8 | H4: 0 | I4: 0 | J4: reg_ee_dbg_mode_level_shift | K4: 0 | L4: 0 | M4: 8 | N4: 0 | O4: 0~8
A5: edge direction detection | C5: N.A | J5: reg_ee_dirdet_lpf_bldwgt | K5: 1 | L5: 0 | M5: 32 | N5: 0 | O5: blending 3x3 lpf ds weight and 5x5 ds weight. 0 biases 5x5 ds weight, 1 bias 3x3 ds weight
C6: N.A | J6: reg_ee_dirdet_min_gain | K6: 1 | L6: 0 | M6: 127 | N6: 16 | O6: ee direction detection min sad gain
C7: ee_dirdet_dirgain | F7: 0 | G7: 255 | H7: 16 | I7: 1 | J7: reg_ee_dirdet_dirgain | K7: 1 | L7: 0 | M7: 255 | N7: 16 | O7: ee direction detection direction weight adjust gain
C8: ee_dirdet_dirthrd | F8: 0 | G8: 255 | H8: 0 | I8: 1 | J8: reg_ee_dirdet_dirthrd | K8: 1 | L8: 0 | M8: 255 | N8: 0 | O8: ee direction detection direction weight adjust threshold
C9: ee_dirdet_subgain | F9: 0 | G9: 255 | H9: 16 | I9: 1 | J9: reg_ee_dirdet_subgain | K9: 1 | L9: 0 | M9: 255 | N9: 16 | O9: ee direction detection sub direction weight adjust gain
C10: ee_dirdet_subthrd | F10: 0 | G10: 255 | H10: 0 | I10: 1 | J10: reg_ee_dirdet_subthrd | K10: 1 | L10: 0 | M10: 255 | N10: 0 | O10: ee direction detection sub direction weight adjust threshold
C11: N.A | J11: reg_ee_dirdet_sadnorm_tgt | K11: 1 | L11: 0 | M11: 255 | N11: 255 | O11: ee direction detection sad normaization target
C12: N.A | J12: reg_ee_dirdet_min_gain_adpt_en | K12: 1 | L12: 0 | M12: 1 | N12: 0 | O12: ee direction detection min gain adaptive enable
C13: N.A | J13: reg_ee_dirsub_wgt_coring_thrd | K13: 1 | L13: 0 | M13: 4095 | N13: 0 | O13: ee direction detection sub weight coring threshold
C14: N.A | J14: reg_ee_dirdet_wgt_coring_thrd | K14: 1 | L14: 0 | M14: 4095 | N14: 0 | O14: ee direction detection dir weight coring threshold
C15: N.A | J15: reg_ee_dirdet_dgradpt_trans_slop | K15: 1 | L15: 0 | M15: 15 | N15: 4 | O15: ee direction detection degree adaptive transfer slpoe
C16: N.A | J16: reg_ee_dirdet_midledir_gain | K16: 1 | L16: 0 | M16: 53 | N16: tune | O16: ee direction detection middle degree gain control
C17: N.A | J17: reg_ee_dirdet_aligndir_gain | K17: 1 | L17: 0 | M17: 53 | N17: tune | O17: ee direction detection align degree gain control
A18: filters bank | C18: ee_dircal_dgr4_dir_adjgain | F18: 0 | G18: 63 | H18: 16 | I18: 0 | J18: reg_ee_dircal_dgr4_dir_adjgain | K18: 1 | L18: 0 | M18: 63 | N18: 16 | O18: ee direction filter adjust gain direction
C19: N.A | J19: reg_ee_dircal_dgr4_000_norgain | K19: 1 | L19: 0 | M19: 1023 | N19: 128 | O19: ee direction filter normalize gain degree 0
C20: N.A | J20: reg_ee_dircal_dgr4_045_norgain | K20: 1 | L20: 0 | M20: 1023 | N20: 76 | O20: ee direction filter normalize gain degree 45
C21: N.A | J21: reg_ee_dircal_dgr4_090_norgain | K21: 1 | L21: 0 | M21: 1023 | N21: 128 | O21: ee direction filter normalize gain degree 90
C22: N.A | J22: reg_ee_dircal_dgr4_135_norgain | K22: 1 | L22: 0 | M22: 1023 | N22: 76 | O22: ee direction filter normalize gain degree 135
C23: N.A | J23: reg_ee_dircal_dgr4_nod_norgain | K23: 1 | L23: 0 | M23: 1023 | N23: 77 | O23: ee direction filter normalize gain no direction
C24: N.A | J24: reg_ee_dircal_dgr4_000_adjgain | K24: 1 | L24: 0 | M24: 63 | N24: 16 | O24: ee direction filter adjust gain degree 0
C25: N.A | J25: reg_ee_dircal_dgr4_045_adjgain | K25: 1 | L25: 0 | M25: 63 | N25: 16 | O25: ee direction filter adjust gain degree 45
C26: N.A | J26: reg_ee_dircal_dgr4_090_adjgain | K26: 1 | L26: 0 | M26: 63 | N26: 16 | O26: ee direction filter adjust gain degree 90
C27: N.A | J27: reg_ee_dircal_dgr4_135_adjgain | K27: 1 | L27: 0 | M27: 63 | N27: 16 | O27: ee direction filter adjust gain degree 135
C28: N.A | J28: reg_ee_dircal_dgr4_nod_adjgain | K28: 1 | L28: 0 | M28: 63 | N28: 16 | O28: ee direction filter adjust gain no direction
C29: N.A | J29: reg_ee_dircal_dgr4_000_coringth | K29: 1 | L29: 0 | M29: 255 | N29: 0 | O29: ee direction filter coring threshold degree 0
C30: N.A | J30: reg_ee_dircal_dgr4_045_coringth | K30: 1 | L30: 0 | M30: 255 | N30: 0 | O30: ee direction filter coring threshold degree 45
... C33: N.A | J33: reg_ee_dircal_dgr4_nod_coringth | K33: 1 | L33: 0 | M33: 255 | N33: 0 | O33: ee direction filter coring threshold no direction
C34: ee_edge_freq | F34: 0 | G34: 511 | H34: 0 | I34: 1 | J34: reg_ee_dircal_dgr4_filter000_w1 | K34: 1 | L34: 0 | M34: 511 | N34: 0 | O34: ee direction filter weight 1 degree 0
J35: reg_ee_dircal_dgr4_filter000_w2 | K35: 1 | L35: 0 | M35: 511 | N35: -1 | O35: ee direction filter weight 2 degree 0
J36: reg_ee_dircal_dgr4_filter000_w3 | K36: 1 | L36: 0 | M36: 511 | N36: -2 | O36: ee direction filter weight 3 degree 0
J37: reg_ee_dircal_dgr4_filter000_w4 | K37: 1 | L37: 0 | M37: 511 | N37: 0 | O37: ee direction filter weight 4 degree 0
J38: reg_ee_dircal_dgr4_filter000_w5 | K38: 1 | L38: 0 | M38: 511 | N38: -2 | O38: ee direction filter weight 5 degree 0
J39: reg_ee_dircal_dgr4_filter000_w6 | K39: 1 | L39: 0 | M39: 511 | N39: -4 | O39: ee direction filter weight 6 degree 0
J40: reg_ee_dircal_dgr4_filter000_w7 | K40: 1 | L40: 0 | M40: 511 | N40: 0 | O40: ee direction filter weight 7 degree 0
J41: reg_ee_dircal_dgr4_filter000_w8 | K41: 1 | L41: 0 | M41: 511 | N41: 6 | O41: ee direction filter weight 8 degree 0
J42: reg_ee_dircal_dgr4_filter000_w9 | K42: 1 | L42: 0 | M42: 511 | N42: 12 | O42: ee direction filter weight 9 degree 0
J43: reg_ee_dircal_dgr4_filter045_w1 | K43: 1 | L43: 0 | M43: 511 | N43: -2 | O43: ee direction filter weight 1 degree 45
J44: reg_ee_dircal_dgr4_filter045_w2 | K44: 1 | L44: 0 | M44: 511 | N44: -4 | O44: ee direction filter weight 2 degree 45
J45: reg_ee_dircal_dgr4_filter045_w3 | K45: 1 | L45: 0 | M45: 511 | N45: -3 | O45: ee direction filter weight 3 degree 45
J46: reg_ee_dircal_dgr4_filter045_w4 | K46: 1 | L46: 0 | M46: 511 | N46: 0 | O46: ee direction filter weight 4 degree 45
... J69: reg_ee_dircal_dgr4_filter135_w9 | K69: 1 | L69: 0 | M69: 511 | N69: 12 | O69: ee direction filter weight 9 degree 135
C70: ee_texture_freq | F70: 0 | G70: 511 | H70: 0 | I70: 1 | J70: reg_ee_dircal_dgr4_filternod_w1 | K70: 1 | L70: 0 | M70: 511 | N70: -2 | O70: ee direction filter weight 1 no direction
J71: reg_ee_dircal_dgr4_filternod_w2 | K71: 1 | L71: 0 | M71: 511 | N71: -4 | O71: ee direction filter weight 2 no direction
J72: reg_ee_dircal_dgr4_filternod_w3 | K72: 1 | L72: 0 | M72: 511 | N72: -4 | O72: ee direction filter weight 3 no direction
J73: reg_ee_dircal_dgr4_filternod_w4 | K73: 1 | L73: 0 | M73: 511 | N73: 2 | O73: ee direction filter weight 4 no direction
J74: reg_ee_dircal_dgr4_filternod_w5 | K74: 1 | L74: 0 | M74: 511 | N74: 2 | O74: ee direction filter weight 5 no direction
J75: reg_ee_dircal_dgr4_filternod_w6 | K75: 1 | L75: 0 | M75: 511 | N75: 40 | O75: ee direction filter weight 6 no direction
A76: luma adapted coring & gain | C76: ee_lumaref_lpf_en | F76: 0 | G76: 1 | H76: 1 | I76: 1 | J76: reg_ee_lumaref_lpf_en | K76: 1 | L76: 0 | M76: 1 | N76: 1 | O76: ee luma reference lpf enable. Set 1 by 3x3 lpf, set 0 by current pixel as input for luma adaptive coring, luma adaptive gain control and luma shoot weight control.
C77: ee_luma_coring_en | F77: 0 | G77: 1 | H77: 1 | I77: 1 | J77: reg_ee_luma_coring_en | K77: 1 | L77: 0 | M77: 1 | N77: 1 | O77: ee luma adaptive coring enable. Set 1 for allpying luma adapted coring, set 0 for applying reg_ee_total_coring.
C78: ee_luma_adptctrl_en | F78: 0 | G78: 1 | H78: 1 | I78: 1 | J78: reg_ee_luma_adptctrl_en | K78: 1 | L78: 0 | M78: 1 | N78: 1 | O78: ee luma adaptive gain control enable. Enable luma adaptive control.
C79: ee_total_coring | F79: 0 | G79: 1023 | H79: 0 | I79: 1 | J79: reg_ee_total_coring | K79: 1 | L79: 0 | M79: 1023 | N79: 0 | O79: ee total coring
C80: ee_luma_coring_lut[33] | F80: 0 | G80: 63 | H80: tune | I80: 1 | J80: reg_ee_luma_coring_lut[33] | K80: 1 | L80: 0 | M80: 63 | N80: tune | O80: ee luma adaptive coring table
C81: ee_luma_adptctrl_lut[33] | F81: 0 | G81: 63 | H81: tune | I81: 1 | J81: reg_ee_luma_adptctrl_lut[33] | K81: 1 | L81: 0 | M81: 63 | N81: tune | O81: ee luma adaptive gain control table
A82: delta self adapted | C82: ee_delta_adptctrl_en | F82: 0 | G82: 1 | H82: 1 | I82: 1 | J82: reg_ee_delta_adptctrl_en | K82: 1 | L82: 0 | M82: 1 | N82: 1 | O82: ee delta adaptive gain control enable
C83: N.A | J83: reg_ee_delta_adptctrl_shift | K83: 1 | L83: 0 | M83: 3 | N83: 0 | O83: ee delta adaptive gain control shift
C84: ee_delta_adptctrl_lut[33] | F84: 0 | G84: 63 | H84: tune | I84: 1 | J84: reg_ee_delta_adptctrl_lut[33] | K84: 1 | L84: 0 | M84: 63 | N84: tune | O84: ee delta adaptive gain control table
A85: peaking gain | C85: ee_total_gain | F85: 0 | G85: 255 | H85: 16 | I85: 1 | J85: reg_ee_total_gain | K85: 1 | L85: 0 | M85: 255 | N85: 16 | O85: ee total gain
C86: N.A | J86: reg_ee_shtctrl_oshtgain | K86: 1 | L86: 0 | M86: 63 | N86: 16 | O86: over shoot gain
C87: N.A | J87: reg_ee_shtctrl_ushtgain | K87: 1 | L87: 0 | M87: 63 | N87: 16 | O87: under shoot gain
A88: texture contain adapted shoot | C88: ee_std_shtctrl_en | F88: 0 | G88: 1 | H88: 1 | I88: 1 | J88: reg_ee_std_shtctrl_en | K88: 1 | L88: 0 | M88: 1 | N88: 1 | O88: ee std shoot control enable
C89: N.A | J89: reg_ee_std_shtctrl_max3x3_en | K89: 1 | L89: 0 | M89: 1 | N89: 1 | O89: ee std shoot control max std in 3x3 window enable. Set 1 for find 3x3 maximum, set 0 for apply current as max value.
C90: N.A | J90: reg_ee_std_shtctrl_min3x3_en | K90: 1 | L90: 0 | M90: 1 | N90: 1 | O90: ee std shoot control min std in 3x3 window enable. Set 1 for find 3x3 minimum, set 0 for apply current as min value.
C91: N.A | J91: reg_ee_std_shtctrl_min_gain | K91: 1 | L91: 0 | M91: 63 | N91: 16 | O91: ee std shoot control min std gain
C92: ee_std_shtctrl_diff_gain | F92: 0 | G92: 63 | H92: 16 | I92: 1 | J92: reg_ee_std_shtctrl_diff_gain | K92: 1 | L92: 0 | M92: 63 | N92: 16 | O92: ee std shoot control max-min std diff gain
C93: ee_std_shtctrl_diff_thrd | F93: 0 | G93: 255 | H93: 0 | I93: 1 | J93: reg_ee_std_shtctrl_diff_thrd | K93: 1 | L93: 0 | M93: 255 | N93: 0 | O93: ee std shoot control max-min std diff threshold
A94: luma adapted shoot | C94: ee_luma_shtctrl_en | F94: 0 | G94: 1 | H94: 1 | I94: 1 | J94: reg_ee_luma_shtctrl_en | K94: 1 | L94: 0 | M94: 1 | N94: 1 | O94: ee luma adaptive shoot control enable
C95: ee_luma_shtctrl_lut[33] | F95: 0 | G95: 63 | H95: tune | I95: 1 | J95: reg_ee_luma_shtctrl_lut[33] | K95: 1 | L95: 0 | M95: 63 | N95: tune | O95: ee luma adaptive shoot control table
A96: delta adapted shoot | C96: ee_delta_shtctrl_en | F96: 0 | G96: 1 | H96: 1 | I96: 1 | J96: reg_ee_delta_shtctrl_en | K96: 1 | L96: 0 | M96: 1 | N96: 1 | O96: ee delta adaptive shoot control enable
C97: ee_delta_shtctrl_shift | F97: 0 | G97: 3 | H97: 0 | I97: 1 | J97: reg_ee_delta_shtctrl_shift | K97: 1 | L97: 0 | M97: 3 | N97: 0 | O97: ee delta adaptive shoot control shift
C98: ee_delta_shtctrl_lut[33] | F98: 0 | G98: 63 | H98: tune | I98: 1 | J98: reg_ee_delta_shtctrl_lut[33] | K98: 1 | L98: 0 | M98: 63 | N98: tune | O98: ee delta adaptive shoot control table
A99: shoot thresholds | C99: ee_total_oshtthrd | F99: 0 | G99: 255 | H99: 255 | I99: 1 | J99: reg_ee_total_oshtthrd | K99: 1 | L99: 0 | M99: 255 | N99: 255 | O99: ee total over shoot threshold
C100: ee_total_ushtthrd | F100: 0 | G100: 255 | H100: 255 | I100: 1 | J100: reg_ee_total_ushtthrd | K100: 1 | L100: 0 | M100: 255 | N100: 255 | O100: ee total under shoot threshold

Sheet FSWDR
A1: function section | B1: API name | C1: API parameter | D1: UI Level | E1: Calibration | F1: low value | G1: high value | H1: default value | I1: auto | J1: register | K1: dynamic | L1: low value | M1: high value | N1: default value | O1: description
A2: common | B2: BM_MPI_ISP_SetFSWDRAttr | C2: fs_enable | F2: 0 | G2: 1 | H2: 0 | I2: 1 | J2: reg_fs_enable | K2: 1 | L2: 0 | M2: 1 | N2: 0 | O2: Enable long short frame fusion
C3: fs_mc_enable | F3: 0 | G3: 1 | H3: 0 | I3: 1 | J3: reg_fs_mc_enable | K3: 1 | L3: 0 | M3: 1 | N3: 0 | O3: Motion refernce short exposure
C4: fs_out_sel | F4: 0 | G4: 0 | H4: 3 | I4: 1 | J4: reg_fs_out_sel | K4: 1 | L4: 0 | M4: 3 | N4: 0 | O4: Selection our frame (short, short expand, long, fusion)
A5: HDR exposure related | C5: fs_ls_gain | F5: 64 | G5: 16383 | H5: 1024 | I5: 1 | J5: reg_fs_ls_gain | K5: 1 | L5: 64 | M5: 16383 | N5: 1024 | O5: Gain of exposure (8.6)
C6: fs_s_max | F6: 0 | G6: 104875 | H6: 65535 | I6: 1 | J6: reg_fs_s_max | K6: 1 | L6: 0 | M6: 104875 | N6: 65535 | O6: Max of short exposrue
A7: fusion curve | C7: fs_luma_thd_l | F7: 0 | G7: 4095 | H7: 3900 | I7: 1 | J7: reg_fs_luma_thd_l | K7: 1 | L7: 0 | M7: 4095 | N7: 3900 | O7: Lower bound for luma-adpative fusion
C8: fs_luma_thd_h | F8: 0 | G8: 4095 | H8: 4095 | I8: 1 | J8: reg_fs_luma_thd_h | K8: 1 | L8: 0 | M8: 4095 | N8: 4095 | O8: Upper bound for luma-adpative fusion
C9: fs_wgt_max | F9: 0 | G9: 255 | H9: 255 | I9: 1 | J9: reg_fs_wgt_max | K9: 1 | L9: 0 | M9: 255 | N9: 255 | O9: Fusion weight upper bound
C10: fs_wgt_min | F10: 0 | G10: 255 | H10: 0 | I10: 1 | J10: reg_fs_wgt_min | K10: 1 | L10: 0 | M10: 255 | N10: 0 | O10: Fusion weight lower bound
C11: N.A | J11: reg_fs_wgt_slp | K11: 1 | L11: -262144 | M11: 262143 | N11: 1339 | O11: Calculate by SW lib. Fixed-point (s8.10). (reg_fs_wgt_max - reg_fs_wgt_min) / (reg_fs_luma_thd_h reg_fs_luma_thd_l)

Sheet DRC
A1: function section | B1: API name | C1: API parameter | D1: UI Level | E1: Calibration | F1: low value | G1: high value | H1: default value | I1: auto | J1: register | K1: dynamic | L1: low value | M1: high value | N1: default value | O1: description
A2: common | B2: BM_MPI_ISP_SetDRCAttr | C2: ltm_enable | F2: 0 | G2: 1 | H2: 0 | J2: reg_ltm_enable | K2: 1 | L2: 0 | M2: 1 | N2: 0 | O2: Enable local tone mapping
C3: lmap_enable | F3: 0 | G3: 1 | H3: 0 | J3: reg_lmap_enable | K3: 1 | L3: 0 | M3: 1 | N3: 0 | O3: Enable luma map calculation
C4: ltm_dark_enh_en | F4: 0 | G4: 1 | H4: 0 | J4: reg_ltm_dark_enh_en | K4: 1 | L4: 0 | M4: 1 | N4: 0 | O4: Dark strength enhancement enable
C5: ltm_brit_enh_en | F5: 0 | G5: 1 | H5: 0 | J5: reg_ltm_brit_enh_en | K5: 1 | L5: 0 | M5: 1 | N5: 0 | O5: Bright strength enhancement enable
C6: ltm_dark_lce_en | F6: 0 | G6: 1 | H6: 0 | J6: reg_ltm_dark_lce_en | K6: 1 | L6: 0 | M6: 1 | N6: 0 | O6: Dark Local contrast enhancement enable
C7: ltm_brit_lce_en | F7: 0 | G7: 1 | H7: 0 | J7: reg_ltm_brit_lce_en | K7: 1 | L7: 0 | M7: 1 | N7: 0 | O7: Bright Local contrast enhancement enable
A8: Luma map | C8: N.A | J8: reg_lmap_w_grid_num | K8: 1 | L8: 0 | M8: 511 | N8: 120 | O8: Luma map width grid size
C9: N.A | J9: reg_lmap_h_grid_num | K9: 1 | L9: 0 | M9: 511 | N9: 68 | O9: Luma map height grid size
C10: lmap_w_bit | F10: 0 | G10: 7 | H10: 4 | J10: reg_lmap_w_bit | K10: 1 | L10: 0 | M10: 7 | N10: 4 | O10: Luma map grid width bit. 4 means grid width 16.
C11: lmap_h_bit | F11: 0 | G11: 7 | H11: 4 | J11: reg_lmap_h_bit | K11: 1 | L11: 0 | M11: 7 | N11: 4 | O11: Luma map grid height bit. 4 means grid height 16.
C12: lmap_thd_l | F12: 0 | G12: 4095 | H12: 0 | J12: reg_lmap_thd_l | K12: 1 | L12: 0 | M12: 4095 | N12: 0 | O12: Lower bound threshold for luma map
C13: lmap_thd_h | F13: 0 | G13: 4095 | H13: 4095 | J13: reg_lmap_thd_h | K13: 1 | L13: 0 | M13: 4095 | N13: 4095 | O13: Upper bound threshold for luma map, must > reg_lmap_thd_l.
C14: N.A | J14: reg_lmap_y_mode | K14: 0 | L14: 0 | M14: 3 | N14: 0 | O14: Luma mode: (0: y), (1: max), (2: avg), (3: max-min avg)
A15: Demosaic | C15: N.A | J15: reg_ltm_cfa_hflp_strth | K15: 1 | L15: 0 | M15: 255 | N15: 255 | O15: Weighted blending strength
C16: N.A | J16: reg_ltm_cfa_np_ymin | K16: 1 | L16: 0 | M16: 4095 | N16: 0 | O16: minimum Y to calculate noise level
C17: N.A | J17: reg_ltm_cfa_np_yslope | K17: 1 | L17: 0 | M17: 255 | N17: 0 | O17: slope of NP-Y
C18: N.A | J18: reg_ltm_cfa_np_low | K18: 1 | L18: 0 | M18: 255 | N18: 0 | O18: minimum noise level of minimum Y
C19: N.A | J19: reg_ltm_cfa_np_high | K19: 1 | L19: 0 | M19: 255 | N19: 3 | O19: maximum noise level of Y
C20: N.A | J20: reg_ltm_cfa_diffthd_min | K20: 1 | L20: 0 | M20: 4095 | N20: 520 | O20: minimum HV difference
C21: N.A | J21: reg_ltm_cfa_diffthd_slope | K21: 1 | L21: 0 | M21: 255 | N21: 81 | O21: slope of weighting-HV_Diff
C22: N.A | J22: reg_ltm_cfa_diffw_low | K22: 1 | L22: 0 | M22: 255 | N22: 0 | O22: minimum weighting of minimum HV_Diff
C23: N.A | J23: reg_ltm_cfa_diffw_high | K23: 1 | L23: 0 | M23: 255 | N23: 255 | O23: maximum weighting of HV_Diff
C24: N.A | J24: reg_ltm_cfa_sadthd_min | K24: 1 | L24: 0 | M24: 4095 | N24: 200 | O24: minimum sad value
C25: N.A | J25: reg_ltm_cfa_sadthd_slope | K25: 1 | L25: 0 | M25: 255 | N25: 36 | O25: slope of weighting-SAD
C26: N.A | J26: reg_ltm_cfa_sadw_low | K26: 1 | L26: 0 | M26: 255 | N26: 0 | O26: minimum weighting of minimum SAD
C27: N.A | J27: reg_ltm_cfa_sadw_high | K27: 1 | L27: 0 | M27: 255 | N27: 255 | O27: maximum weighting of SAD
... C31: N.A | J31: reg_ltm_cfa_lumaw_high | K31: 1 | L31: 0 | M31: 255 | N31: 255 | O31: maximum weighting of luma
A32: Tone curve | C32: ltm_g_curve_1_quan_bit | F32: 0 | G32: 15 | H32: 7 | J32: reg_ltm_g_curve_1_quan_bit | K32: 1 | L32: 0 | M32: 15 | N32: 7 | O32: Global curve shift space
C33: ltm_b_curve_quan_bit | F33: 0 | G33: 15 | H33: 7 | J33: reg_ltm_b_curve_quan_bit | K33: 1 | L33: 0 | M33: 15 | N33: 7 | O33: Bright curve shift space
C34: ltm_dark_lut [257] | F34: 0 | G34: 4095 | J34: reg_ltm_dark_lut [257] | K34: 1 | L34: 0 | M34: 4095 | O34: Dark tone curve
C35: ltm_brit_lut [513] | F35: 0 | G35: 4095 | J35: reg_ltm_brit_lut [513] | K35: 1 | L35: 0 | M35: 4095 | O35: Bright tone curve
C36: ltm_deflt_lut [769] | F36: 0 | G36: 4095 | J36: reg_ltm_deflt_lut [769] | K36: 1 | L36: 0 | M36: 4095 | O36: Global tone curve
A37: Darkness map | C37: ltm_de_rng | F37: 0 | G37: 15 | H37: 10 | J37: reg_ltm_de_rng | K37: 1 | L37: 0 | M37: 15 | N37: 10 | O37: Dark strength search range for low pass
C38: ltm_de_lmap_thr | F38: 0 | G38: 255 | H38: 25 | J38: reg_ltm_de_lmap_thr | K38: 1 | L38: 0 | M38: 255 | N38: 25 | O38: Dark strength threshold
C39: N.A | F39: 0 | G39: 31 | H39: 4 | J39: reg_ltm_de_strth_dshft | K39: 1 | L39: 0 | M39: 31 | N39: 4 | O39: Dark strength difference shift
C40: ltm_de_strth_gain | F40: 0 | G40: 2047 | H40: 393 | J40: reg_ltm_de_strth_gain | K40: 1 | L40: 0 | M40: 2047 | N40: 393 | O40: Dark strength gain
C41: ltm_de_max_thr | F41: 0 | G41: 4095 | H41: 830 | J41: reg_ltm_de_max_thr | K41: 1 | L41: 0 | M41: 4095 | N41: 830 | O41: Dark strength max threshold
C42: ltm_de_dist_wgt[11] | F42: 0 | G42: 31 | J42: reg_ltm_de_dist_wgt[11] | K42: 1 | L42: 0 | M42: 31 | O42: Dark strength map distance weight table
C43: ltm_de_luma_wgt[30] | F43: 0 | G43: 31 | J43: reg_ltm_de_luma_wgt[30] | K43: 1 | L43: 0 | M43: 31 | O43: Dark strength map luma weight table
A44: Brightness map | C44: ltm_be_rng | F44: 0 | G44: 15 | H44: 10 | J44: reg_ltm_be_rng | K44: 1 | L44: 0 | M44: 15 | N44: 10 | O44: Bright strength search range for low pass
C45: ltm_be_lmap_thr | F45: 0 | G45: 255 | H45: 35 | J45: reg_ltm_be_lmap_thr | K45: 1 | L45: 0 | M45: 255 | N45: 35 | O45: Bright strength threshold
C46: N.A | F46: 0 | G46: 31 | H46: 4 | J46: reg_ltm_be_strth_dshft | K46: 1 | L46: 0 | M46: 31 | N46: 4 | O46: Bright strength difference shift
C47: ltm_be_strth_gain | F47: 0 | G47: 2047 | H47: 1024 | J47: reg_ltm_be_strth_gain | K47: 1 | L47: 0 | M47: 2047 | N47: 1024 | O47: Bright strength gain
C48: ltm_be_dist_wgt[11] | F48: 0 | G48: 31 | J48: reg_ltm_be_dist_wgt[11] | K48: 1 | L48: 0 | M48: 31 | O48: Bright strength map distance weight table
A49: Dark LCE map | C49: ltm_lmap0_lp_rng | F49: 0 | G49: 15 | H49: 7 | J49: reg_ltm_lmap0_lp_rng | K49: 1 | L49: 0 | M49: 15 | N49: 7 | O49: Long exposure search range for low pass
C50: ltm_lmap0_lp_dist_wgt[11] | F50: 0 | G50: 31 | J50: reg_ltm_lmap0_lp_dist_wgt[11] | K50: 1 | L50: 0 | M50: 31 | O50: Long exposure luma map distance weight table
C51: ltm_lmap0_lp_diff_wgt[30] | F51: 0 | G51: 31 | J51: reg_ltm_lmap0_lp_diff_wgt[30] | K51: 1 | L51: 0 | M51: 31 | O51: Long exposure luma map differnece weight table
A52: Bright LCE map | C52: ltm_lmap1_lp_rng | F52: 0 | G52: 15 | H52: 5 | J52: reg_ltm_lmap1_lp_rng | K52: 1 | L52: 0 | M52: 15 | N52: 5 | O52: Short exposure search range for low pass
C53: ltm_lmap1_lp_dist_wgt[11] | F53: 0 | G53: 31 | J53: reg_ltm_lmap1_lp_dist_wgt[11] | K53: 1 | L53: 0 | M53: 31 | O53: Short exposure luma map distance weight table
C54: ltm_lmap1_lp_diff_wgt[30] | F54: 0 | G54: 31 | J54: reg_ltm_lmap1_lp_diff_wgt[30] | K54: 1 | L54: 0 | M54: 31 | O54: Short exposure luma map differnece weight table
A55: Dark tone mapping | C55: ltm_dar_in_thd_l | F55: 0 | G55: 4095 | H55: 0 | J55: reg_ltm_dar_in_thd_l | K55: 1 | L55: 0 | M55: 4095 | N55: 0 | O55: Dark strength in low threshold
C56: ltm_dar_in_thd_h | F56: 0 | G56: 4095 | H56: 640 | J56: reg_ltm_dar_in_thd_h | K56: 1 | L56: 0 | M56: 4095 | N56: 640 | O56: Dark strength in high threshold
C57: ltm_dar_out_thd_l | F57: 0 | G57: 255 | H57: 0 | J57: reg_ltm_dar_out_thd_l | K57: 1 | L57: 0 | M57: 255 | N57: 0 | O57: Dark strength out low threshold
C58: ltm_dar_out_thd_h | F58: 0 | G58: 255 | H58: 255 | J58: reg_ltm_dar_out_thd_h | K58: 1 | L58: 0 | M58: 255 | N58: 255 | O58: Dark strength out high threshold
C59: N.A | J59: reg_ltm_dar_in_gain_slop | K59: 1 | L59: ‭‭-10485756 | M59: ‭‭1048575‬ | N59: 1 | O59: Dark strength in slope
C60: ltm_dar_lce_gain_0 | F60: 0 | G60: 4095 | H60: 640 | J60: reg_ltm_dar_lce_gain_0 | K60: 1 | L60: 0 | M60: 4095 | N60: 640 | O60: Dark LCE gain step 0
C61: ltm_dar_lce_gain_1 | F61: 0 | G61: 4095 | H61: 384 | J61: reg_ltm_dar_lce_gain_1 | K61: 1 | L61: 0 | M61: 4095 | N61: 384 | O61: Dark LCE gain step 1
C62: ltm_dar_lce_gain_2 | F62: 0 | G62: 4095 | H62: 256 | J62: reg_ltm_dar_lce_gain_2 | K62: 1 | L62: 0 | M62: 4095 | N62: 256 | O62: Dark LCE gain step 2
C63: ltm_dar_lce_gain_3 | F63: 0 | G63: 4095 | H63: 256 | J63: reg_ltm_dar_lce_gain_3 | K63: 1 | L63: 0 | M63: 4095 | N63: 256 | O63: Dark LCE gain step 3
C64: ltm_dar_lce_diff_thd_0 | F64: 0 | G64: 104875 | H64: 0 | J64: reg_ltm_dar_lce_diff_thd_0 | K64: 1 | L64: 0 | M64: ‭1048575‬ | N64: 0 | O64: Dark LCE differnece threshold step 0
C65: ltm_dar_lce_diff_thd_1 | F65: 0 | G65: 104875 | H65: 100 | J65: reg_ltm_dar_lce_diff_thd_1 | K65: 1 | L65: 0 | M65: ‭1048575‬ | N65: 100 | O65: Dark LCE differnece threshold step 1
C66: ltm_dar_lce_diff_thd_2 | F66: 0 | G66: 104875 | H66: 200 | J66: reg_ltm_dar_lce_diff_thd_2 | K66: 1 | L66: 0 | M66: ‭1048575‬ | N66: 200 | O66: Dark LCE differnece threshold step 2
C67: ltm_dar_lce_diff_thd_3 | F67: 0 | G67: 104875 | H67: 300 | J67: reg_ltm_dar_lce_diff_thd_3 | K67: 1 | L67: 0 | M67: ‭1048575‬ | N67: 300 | O67: Dark LCE differnece threshold step 3
C68: N.A | J68: reg_ltm_dar_lce_gain_slope_0 | K68: 1 | L68: -65536 | M68: 65535 | N68: 3 | O68: Dark LCE gain slope step 0
C69: N.A | J69: reg_ltm_dar_lce_gain_slope_1 | K69: 1 | L69: -65536 | M69: 65535 | N69: 3 | O69: Dark LCE gain slope step 1
C70: N.A | J70: reg_ltm_dar_lce_gain_slope_2 | K70: 1 | L70: -65536 | M70: 65535 | N70: 3 | O70: Dark LCE gain slope step 2
A71: Bright tone mapping | C71: ltm_bri_in_thd_l | F71: 0 | G71: 4095 | H71: 0 | J71: reg_ltm_bri_in_thd_l | K71: 1 | L71: 0 | M71: 4095 | N71: 0 | O71: Bright strength in low threshold
C72: ltm_bri_in_thd_h | F72: 0 | G72: 4095 | H72: 640 | J72: reg_ltm_bri_in_thd_h | K72: 1 | L72: 0 | M72: 4095 | N72: 640 | O72: Bright strength in high threshold
C73: ltm_bri_out_thd_l | F73: 0 | G73: 255 | H73: 0 | J73: reg_ltm_bri_out_thd_l | K73: 1 | L73: 0 | M73: 255 | N73: 0 | O73: Bright strength out low threshold
C74: ltm_bri_out_thd_h | F74: 0 | G74: 255 | H74: 255 | J74: reg_ltm_bri_out_thd_h | K74: 1 | L74: 0 | M74: 255 | N74: 255 | O74: Bright strength out high threshold
C75: N.A | J75: reg_ltm_bri_in_gain_slop | K75: 1 | L75: ‭‭-1048576 | M75: ‭‭1048575‬ | N75: 1 | O75: Bright strength in slope
C76: ltm_bri_lce_up_gain_0 | F76: 0 | G76: 4095 | H76: 256 | J76: reg_ltm_bri_lce_up_gain_0 | K76: 1 | L76: 0 | M76: 4095 | N76: 256 | O76: Bright LCE up gain step 0
C77: ltm_bri_lce_up_gain_1 | F77: 0 | G77: 4095 | H77: 640 | J77: reg_ltm_bri_lce_up_gain_1 | K77: 1 | L77: 0 | M77: 4095 | N77: 640 | O77: Bright LCE up gain step 1
C78: ltm_bri_lce_up_gain_2 | F78: 0 | G78: 4095 | H78: 640 | J78: reg_ltm_bri_lce_up_gain_2 | K78: 1 | L78: 0 | M78: 4095 | N78: 640 | O78: Bright LCE up gain step 2
C79: ltm_bri_lce_up_gain_3 | F79: 0 | G79: 4095 | H79: 640 | J79: reg_ltm_bri_lce_up_gain_3 | K79: 1 | L79: 0 | M79: 4095 | N79: 640 | O79: Bright LCE up gain step 3
C80: ltm_bri_lce_up_thd_0 | F80: 0 | G80: 104875 | H80: 3500 | J80: reg_ltm_bri_lce_up_thd_0 | K80: 1 | L80: 0 | M80: ‭1048575‬ | N80: 3500 | O80: Bright LCE up threshold step 0
C81: ltm_bri_lce_up_thd_1 | F81: 0 | G81: 104875 | H81: 8192 | J81: reg_ltm_bri_lce_up_thd_1 | K81: 1 | L81: 0 | M81: ‭1048575‬ | N81: 8192 | O81: Bright LCE up threshold step 1
C82: ltm_bri_lce_up_thd_2 | F82: 0 | G82: 104875 | H82: 32768 | J82: reg_ltm_bri_lce_up_thd_2 | K82: 1 | L82: 0 | M82: ‭1048575‬ | N82: 32768 | O82: Bright LCE up threshold step 2
C83: ltm_bri_lce_up_thd_3 | F83: 0 | G83: 104875 | H83: 65535 | J83: reg_ltm_bri_lce_up_thd_3 | K83: 1 | L83: 0 | M83: ‭1048575‬ | N83: 65535 | O83: Bright LCE up threshold step 3
C84: N.A | J84: reg_ltm_bri_lce_up_gain_slope_0 | K84: 1 | L84: -16777216 | M84: ‭16777215‬ | N84: 2 | O84: Bright LCE up gain slope step 0
C85: N.A | J85: reg_ltm_bri_lce_up_gain_slope_1 | K85: 1 | L85: -16777216 | M85: ‭16777215‬ | N85: 2 | O85: Bright LCE up gain slope step 1
C86: N.A | J86: reg_ltm_bri_lce_up_gain_slope_2 | K86: 1 | L86: -16777216 | M86: ‭16777215‬ | N86: 2 | O86: Bright LCE up gain slope step 2
C87: ltm_bri_lce_down_gain_0 | F87: 0 | G87: 4095 | H87: 256 | J87: reg_ltm_bri_lce_down_gain_0 | K87: 1 | L87: 0 | M87: 4095 | N87: 256 | O87: Bright LCE down gain step 0
C88: ltm_bri_lce_down_gain_1 | F88: 0 | G88: 4095 | H88: 640 | J88: reg_ltm_bri_lce_down_gain_1 | K88: 1 | L88: 0 | M88: 4095 | N88: 640 | O88: Bright LCE down gain step 1
C89: ltm_bri_lce_down_gain_2 | F89: 0 | G89: 4095 | H89: 768 | J89: reg_ltm_bri_lce_down_gain_2 | K89: 1 | L89: 0 | M89: 4095 | N89: 768 | O89: Bright LCE down gain step 2
C90: ltm_bri_lce_down_gain_3 | F90: 0 | G90: 4095 | H90: 2048 | J90: reg_ltm_bri_lce_down_gain_3 | K90: 1 | L90: 0 | M90: 4095 | N90: 2048 | O90: Bright LCE down gain step 3
C91: ltm_bri_lce_down_thd_0 | F91: 0 | G91: 104875 | H91: 3500 | J91: reg_ltm_bri_lce_down_thd_0 | K91: 1 | L91: 0 | M91: ‭1048575‬ | N91: 3500 | O91: Bright LCE down threshold step 0
C92: ltm_bri_lce_down_thd_1 | F92: 0 | G92: 104875 | H92: 8192 | J92: reg_ltm_bri_lce_down_thd_1 | K92: 1 | L92: 0 | M92: ‭1048575‬ | N92: 8192 | O92: Bright LCE down threshold step 1
C93: ltm_bri_lce_down_thd_2 | F93: 0 | G93: 104875 | H93: 32768 | J93: reg_ltm_bri_lce_down_thd_2 | K93: 1 | L93: 0 | M93: ‭1048575‬ | N93: 32768 | O93: Bright LCE down threshold step 2
C94: ltm_bri_lce_down_thd_3 | F94: 0 | G94: 104875 | H94: 65535 | J94: reg_ltm_bri_lce_down_thd_3 | K94: 1 | L94: 0 | M94: ‭1048575‬ | N94: 65535 | O94: Bright LCE down threshold step 3
C95: N.A | J95: reg_ltm_bri_lce_down_gain_slope_0 | K95: 1 | L95: -65536 | M95: 65535 | N95: 2 | O95: Bright LCE down gain slope step 0
C96: N.A | J96: reg_ltm_bri_lce_down_gain_slope_1 | K96: 1 | L96: -65536 | M96: 65535 | N96: 2 | O96: Bright LCE down gain slope step 1
C97: N.A | J97: reg_ltm_bri_lce_down_gain_slope_2 | K97: 1 | L97: -65536 | M97: 65535 | N97: 2 | O97: Bright LCE down gain slope step 2

Sheet Hsv
A1: Function section | B1: API name | C1: API parameter | D1: UI Level | E1: Calibration | F1: low value | G1: high value | H1: default value | I1: auto | J1: register | K1: dynamic | L1: low value | M1: high value | N1: default value | O1: description
A2: Common | B2: BM_MPI_ISP_SetHsvAttr | C2: hsv_curve_enable | F2: 0 | G2: 1 | H2: 0 | I2: 0 | J2: reg_hsv_enable | K2: 1 | L2: 0 | M2: 1 | N2: 0 | O2: Enable of module "HSV Transform"
A3: HSV h tone curve | C3: hsv_htune_enable | F3: 0 | G3: 1 | H3: 0 | I3: 0 | J3: reg_hsv_htune_enable | K3: 1 | L3: 0 | M3: 1 | N3: 0 | O3: Enable of hue tuning (with 1 LUT)
A4: HSV s tone curve | C4: hsv_stune_enable | F4: 0 | G4: 1 | H4: 0 | I4: 0 | J4: reg_hsv_stune_enable | K4: 1 | L4: 0 | M4: 1 | N4: 0 | O4: Enable of saturation tuning (with 1 LUT)
A5: HSV h-s gain curve | C5: hsv_hsgain_enable | F5: 0 | G5: 1 | H5: 0 | I5: 0 | J5: reg_hsv_hsgain_enable | K5: 1 | L5: 0 | M5: 1 | N5: 0 | O5: Enable of differnet hue for saturation tuning (with 1 LUT)
A6: HSV h-v gain curve | C6: hsv_hvgain_enable | F6: 0 | G6: 1 | H6: 0 | I6: 0 | J6: reg_hsv_hvgain_enable | K6: 1 | L6: 0 | M6: 1 | N6: 0 | O6: Enable of differnet hue for value tuning (with 1 LUT)
B7: BM_MPI_ISP_SetHsvLut | C7: hsv_h_lut [769] | F7: 0 | G7: 24575 | H7: linear lut | I7: 0 | J7: reg_hsv_h_lut [769] | K7: 1 | L7: 0 | M7: 24575 | N7: linear lut | O7: LUT for hue tuning (3.12)
C8: hsv_s_lut [513] | F8: 0 | G8: 8191 | H8: linear lut | I8: 0 | J8: reg_hsv_s_lut [513] | K8: 1 | L8: 0 | M8: 8191 | N8: linear lut | O8: LUT for saturation tuning (13.0)
C9: hsv_sgain_lut [769] | F9: 0 | G9: 1023 | H9: 128 | I9: 0 | J9: reg_hsv_sgain_lut [769] | K9: 1 | L9: 0 | M9: 1023 | N9: 128 | O9: LUT for S in different hue tuning (3.7)
C10: hsv_vgain_lut [769] | F10: 0 | G10: 1023 | H10: 128 | I10: 0 | J10: reg_hsv_vgain_lut [769] | K10: 1 | L10: 0 | M10: 1023 | N10: 128 | O10: LUT for V in different hue tuning (3.7)

Sheet CLut
A1: function section | B1: API name | C1: API parameter | D1: UI Level | E1: Calibration | F1: low value | G1: high value | H1: default value | I1: auto | J1: register | K1: cvi_vip_tun_cfg.h | L1: dynamic | M1: low value | N1: high value | O1: default value | P1: description
B2: BM_MPI_ISP_SetClutAttr | C2: Enable | F2: 0 | G2: 1 | H2: 0 | I2: 0 | J2: reg_hsv3dlut_enable | K2: __u8 enable | L2: 1 | M2: 0 | N2: 1 | O2: 0 | P2: Enable of module "HSV 3D LUT"
C3: HClampWrapOpt | F3: 0 | G3: 1 | H3: 0 | I3: 0 | J3: reg_hsv3dlut_h_clamp_wrap_opt | K3: __u8 h_clamp_wrap_opt | L3: 1 | M3: 0 | N3: 1 | O3: 0 | P3: 0: wrap , 1: clamp
B4: BM_MPI_ISP_SetClutCoeff | C4: HLut | F4: -4095 | G4: 4095 | H4: 0 | I4: 0 | J4: reg_hsv3d_h_lut [3276] | K4: __u16 *h_lut | L4: 1 | M4: -4095 | N4: 4095 | O4: 0 | P4: LUT for hue tuning 3.12
C5: SLut | F5: -2047 | G5: 2047 | H5: 0 | I5: 0 | J5: reg_hsv3d_s_lut [3276] | K5: __u16 *s_lut | L5: 1 | M5: -2047 | N5: 2047 | O5: 0 | P5: LUT for saturation tuning 0.13
C6: VLut | F6: -255 | G6: 255 | H6: 0 | I6: 0 | J6: reg_hsv3d_v_lut [3276] | K6: __u16 *v_lut | L6: 1 | M6: -255 | N6: 255 | O6: 0 | P6: LUT for value tuning 0.12

Sheet CCM
A1: function section | B1: API name | C1: API parameter | D1: UI Level | E1: Calibration | F1: low value | G1: high value | H1: default value | I1: auto | J1: register | K1: dynamic | L1: low value | M1: high value | N1: default value | O1: description
A2: common | C2: ccm_enable | F2: 0 | G2: 1 | H2: 0 | I2: 1 | J2: reg_ccm_enable | K2: 1 | L2: 0 | M2: 1 | N2: 0 | O2: enable CCM
A3: ccm matrix | C3: ccm_00 | F3: 0 | G3: 16383 | H3: 1024 | I3: 1 | J3: reg_ccm_00 | K3: 1 | L3: 0 | M3: 16383 | N3: 1024 | O3: s3.10, 1x=1024 (2's complement)
C4: ccm_01 | F4: 0 | G4: 16383 | H4: 0 | I4: 1 | J4: reg_ccm_01 | K4: 1 | L4: 0 | M4: 16383 | N4: 0 | O4: s3.10, 1x=1024 (3's complement)
C5: ccm_02 | F5: 0 | G5: 16383 | H5: 0 | I5: 1 | J5: reg_ccm_02 | K5: 1 | L5: 0 | M5: 16383 | N5: 0 | O5: s3.10, 1x=1024 (4's complement)
C6: ccm_10 | F6: 0 | G6: 16383 | H6: 0 | I6: 1 | J6: reg_ccm_10 | K6: 1 | L6: 0 | M6: 16383 | N6: 0 | O6: s3.10, 1x=1024 (5's complement)
C7: ccm_11 | F7: 0 | G7: 16383 | H7: 1024 | I7: 1 | J7: reg_ccm_11 | K7: 1 | L7: 0 | M7: 16383 | N7: 1024 | O7: s3.10, 1x=1024 (6's complement)
C8: ccm_12 | F8: 0 | G8: 16383 | H8: 0 | I8: 1 | J8: reg_ccm_12 | K8: 1 | L8: 0 | M8: 16383 | N8: 0 | O8: s3.10, 1x=1024 (7's complement)
C9: ccm_20 | F9: 0 | G9: 16383 | H9: 0 | I9: 1 | J9: reg_ccm_20 | K9: 1 | L9: 0 | M9: 16383 | N9: 0 | O9: s3.10, 1x=1024 (8's complement)
C10: ccm_21 | F10: 0 | G10: 16383 | H10: 0 | I10: 1 | J10: reg_ccm_21 | K10: 1 | L10: 0 | M10: 16383 | N10: 0 | O10: s3.10, 1x=1024 (9's complement)
C11: ccm_22 | F11: 0 | G11: 16383 | H11: 1024 | I11: 1 | J11: reg_ccm_22 | K11: 1 | L11: 0 | M11: 16383 | N11: 1024 | O11: s3.10, 1x=1024 (10's complement)

Sheet BlackLevel
A1: function section | B1: API name | C1: API parameter | D1: UI Level | E1: Calibration | F1: low value | G1: high value | H1: default value | I1: auto | J1: register | K1: dynamic | L1: low value | M1: high value | N1: default value | O1: description
A2: common | C2: blc_enable | F2: 0 | G2: 1 | H2: 1 | I2: 0 | J2: reg_blc_enable | K2: 1 | L2: 0 | M2: 1 | N2: 1
A3: OB value | C3: blc_offset_r | F3: 0 | G3: 1023 | H3: 0 | I3: 0 | J3: reg_blc_offset_r | K3: 1 | L3: 0 | M3: 1023 | N3: 0
C4: blc_offset_gr | F4: 0 | G4: 1023 | H4: 0 | I4: 0 | J4: reg_blc_offset_gr | K4: 1 | L4: 0 | M4: 1023 | N4: 0
C5: blc_offset_gb | F5: 0 | G5: 1023 | H5: 0 | I5: 0 | J5: reg_blc_offset_gb | K5: 1 | L5: 0 | M5: 1023 | N5: 0
C6: blc_offset_b | F6: 0 | G6: 1023 | H6: 0 | I6: 0 | J6: reg_blc_offset_b | K6: 1 | L6: 0 | M6: 1023 | N6: 0
A7: Compensated Gain | C7: blc_gain_r | F7: 0 | G7: 65535 | H7: 1024 | I7: 0 | J7: reg_blc_gain_r | K7: 1 | L7: 0 | M7: 65535 | N7: 1024
C8: blc_gain_gr | F8: 0 | G8: 65535 | H8: 1024 | I8: 0 | J8: reg_blc_gain_gr | K8: 1 | L8: 0 | M8: 65535 | N8: 1024
C9: blc_gain_gb | F9: 0 | G9: 65535 | H9: 1024 | I9: 0 | J9: reg_blc_gain_gb | K9: 1 | L9: 0 | M9: 65535 | N9: 1024
C10: blc_gain_b | F10: 0 | G10: 65535 | H10: 1024 | I10: 0 | J10: reg_blc_gain_b | K10: 1 | L10: 0 | M10: 65535 | N10: 1024

Sheet ColorTone
A1: function section | B1: API name | C1: API parameter | D1: UI Level | E1: Calibration | F1: low value | G1: high value | H1: default value | I1: auto | J1: register | K1: dynamic | L1: low value | M1: high value | N1: default value | O1: description
A2: Common | B2: BM_ISP_MPI_SetColorToneAttr | C2: wbg_enable | F2: 0 | G2: 1 | H2: 1 | I2: 0 | J2: reg_wbg_enable | K2: 0 | L2: 0 | M2: 1 | N2: 0 | O2: WB Gain Enable
C3: u16RedCastGain | F3: 0 | G3: 4096 | H3: 1024 | I3: 0 | J3: reg_wbg_rgain | K3: 1 | L3: 0 | M3: 4096 | N3: 1024 | O3: WB Gain RGAIN
C4: u16GreenCastGain | F4: 0 | G4: 4096 | H4: 1024 | I4: 0 | J4: reg_wbg_ggain | K4: 1 | L4: 0 | M4: 4096 | N4: 1024 | O4: WB Gain GGAIN
C5: u16BlueCastGain | F5: 0 | G5: 4096 | H5: 1024 | I5: 0 | J5: reg_wbg_bgain | K5: 1 | L5: 0 | M5: 4096 | N5: 1024 | O5: WB Gain BGAIN

Sheet AEInfo
A1: function section | B1: API name | C1: API parameter | D1: low value | E1: high value | F1: default value | G1: auto | H1: register | I1: dynamic | J1: low value | K1: high value | L1: default value | M1: description
A2: ExposureInfo | C2: ExposureTime(us) | D2: 0 | E2: 4294967295 | F2: 0 | G2: 0 | H2: u32ExpTime | I2: 1 | J2: 0 | K2: 4294967295 | L2: 0 | M2: 当前曝光时间，单位为微秒(us)。 FSWDR 模式下，表示当 前最短帧(VS)曝光时间。 取值范围：[0x0, 0xFFFFFFFF]。
C3: ShortExpTime(us) | D3: 0 | E3: 4294967295 | F3: 0 | G3: 0 | H3: u32ShortExpTime | I3: 1 | J3: 0 | K3: 4294967295 | L3: 0 | M3: FSWDR 模式下，表示当前短帧(S)曝光时间，单位为微秒 (us)。 线性模式不用关注该值。 取值范围：[0x0, 0xFFFFFFFF]
C4: MedianExpTime(us) | D4: 0 | E4: 4294967295 | F4: 0 | G4: 0 | H4: u32MedianExpTime | I4: 1 | J4: 0 | K4: 4294967295 | L4: 0 | M4: FSWDR 模式下，表示当前中帧(M)曝光时间，单位为微秒 (us)。 线性模式不用关注该值。 取值范围：[0x0, 0xFFFFFFFF] 。
C5: LongExpTime(us) | D5: 0 | E5: 4294967295 | F5: 0 | G5: 0 | H5: u32LongExpTime | I5: 1 | J5: 0 | K5: 4294967295 | L5: 0 | M5: FSWDR 模式下，表示当前长帧(L)曝光时间，单位为微秒 (us)。 线性模式不用关注该值。 取值范围：[0x0, 0xFFFFFFFF] 。
C6: AnalogGain | D6: 1024 | E6: 4294967295 | F6: 1024 | G6: 0 | H6: u32AGain | I6: 1 | J6: 1024 | K6: 4294967295 | L6: 1024 | M6: 当前 sensor 模拟增益，10bit 小数精度。 取值范围：[0x400, 0xFFFFFFFF] 。
C7: DigitalGain | D7: 1024 | E7: 4294967295 | F7: 1024 | G7: 0 | H7: u32DGain | I7: 1 | J7: 1024 | K7: 4294967295 | L7: 1024 | M7: 当前 sensor 数字增益，10bit 小数精度。 取值范围：[0x400, 0xFFFFFFFF] 。
C8: ISPDigitalGain | D8: 1024 | E8: 4294967295 | F8: 1024 | G8: 0 | H8: u32ISPDGain | I8: 1 | J8: 1024 | K8: 4294967295 | L8: 1024 | M8: 当前 ISP 数字增益，10bit 小数精度。 取值范围：[0x400, 0xFFFFFFFF]
C9: Exposure | D9: 64 | E9: 4294967295 | F9: 64 | G9: 0 | H9: u32Exposure | I9: 1 | J9: 64 | K9: 4294967295 | L9: 64 | M9: 当前曝光量，等于曝光时间与曝光增益的乘积，其中曝光 时间的单位为曝光行数，曝光增益为 6bit 小数精度。 取值范围：[0x40, 0xFFFFFFFF]
C10: ExposureIsMAX | D10: 0 | E10: 1 | F10: 0 | G10: 0 | H10: bExposureIsMAX | I10: 1 | J10: 0 | K10: 1 | L10: 0 | M10: 0：ISP 未达到最大曝光水平； 1：ISP 达到最大曝光水平。
C11: HistError | D11: -32768 | E11: 32767 | F11: 0 | G11: 0 | H11: s16HistError | I11: 1 | J11: -32768 | K11: 32767 | L11: 0 | M11: 统计信息，AE 的目标亮度值与实际值的差，该值为正表 示当前期望的亮度信息大于实际的亮度信息， 该值为负表 示期望的亮度信息小于实际的亮度信息。 取值范围：[-0x8000, 0x7FFF]
C12: AE_Hist5Value | D12: 0 | E12: 4294967295 | F12: 0 | G12: 0 | H12: au32AE_Hist5Value[5] | I12: 1 | J12: 0 | K12: 4294967295 | L12: 0 | M12: 全局 5 段直方图统计信息。 取值范围：[0x0, 0xFFFFFFFF]
C13: AE_Hist1024Value | D13: 0 | E13: 4294967295 | F13: 0 | G13: 0 | H13: au32AE_Hist1024Value[1024] | I13: 1 | J13: 0 | K13: 4294967295 | L13: 0 | M13: 全局 1024 段直方图统计信息。 取值范围：[0x0, 0xFFFFFFFF]
C14: AvgLum | D14: 0 | E14: 255 | F14: 0 | G14: 0 | H14: u8AveLum | I14: 1 | J14: 0 | K14: 255 | L14: 0 | M14: 平均亮度信息。 取值范围：[0x0, 0xFF]
... C23: AERoute.RouteNode[16][4] | D23: 0 | E23: 4294967295 | F23: 0 | G23: 0 | H23: u32IntTime | I23: 0 | J23: 0 | K23: 4294967295 | L23: 0 | M23: 节点曝光时间，单位为微秒(us)。 取值范围：(0x0, 0xFFFFFFFF]
D24: 1024 | E24: 4294967295 | F24: 1024 | G24: 0 | H24: u32SysGain | I24: 0 | J24: 1024 | K24: 4294967295 | L24: 1024 | M24: 节点增益，包括 sensor 模拟增益，sensor 数字增益和 ISP 数字增 益，10bit 精度。 取值范围：[0x400, 0xFFFFFFFF]
D25: 0 | E25: 10 | F25: 0 | G25: 0 | H25: enIrisFNO | I25: 0 | J25: 0 | K25: 10 | L25: 0 | M25: 节点光圈 F 值大小，仅支持 P-Iris，不支持 DC-Iris。 取值范围：[ISP_IRIS_F_NO_32_0, ISP_IRIS_F_NO_1_0]。
D26: 1 | E26: 1024 | F26: 1 | G26: 0 | H26: u32IrisFNOLin | I26: 0 | J26: 1 | K26: 1024 | L26: 1 | M26: 节点光圈 F 值等效增益大小，仅支持 P-Iris，不支持 DC-Iris。 取值范围：[0x1, 0x400]
C27: AERouteEx.TotalNum | D27: 0 | E27: 16 | F27: 0 | G27: 0 | H27: u32ExTotalNum | I27: 0 | J27: 0 | K27: 16 | L27: 0 | M27: 曝光分配路线节点数目，目前最大为 16。
C28: AERouteEx.RouteNode[16][6] | D28: 0 | E28: 4294967295 | F28: 0 | G28: 0 | H28: u32IntTime | I28: 0 | J28: 0 | K28: 4294967295 | L28: 0 | M28: 节点曝光时间，单位为微秒(us)。 取值范围：(0x0, 0xFFFFFFFF]
D29: 1024 | E29: 4194303 | F29: 1024 | G29: 0 | H29: u32Again | I29: 0 | J29: 1024 | K29: 4194303 | L29: 1024 | M29: sensor 模拟增益，10bit 精度。 取值范围：[0x400, 0x3FFFFF]
D30: 1024 | E30: 4194303 | F30: 1024 | G30: 0 | H30: u32Dgain | I30: 0 | J30: 1024 | K30: 4194303 | L30: 1024 | M30: sensor 数字增益，10bit 精度。 取值范围：[0x400, 0x3FFFFF]
D31: 1024 | E31: 4194303 | F31: 1024 | G31: 0 | H31: u32IspDgain | I31: 0 | J31: 1024 | K31: 4194303 | L31: 1024 | M31: ISP 数字增益，10bit 精度。 取值范围：[0x400, 0x40000]
D32: 0 | E32: 10 | F32: 0 | G32: 0 | H32: enIrisFNO | I32: 0 | J32: 0 | K32: 10 | L32: 0 | M32: 节点光圈 F 值大小，仅支持 P-Iris，不支持 DC-Iris。 取值范围：[ISP_IRIS_F_NO_32_0, ISP_IRIS_F_NO_1_0]
D33: 1 | E33: 1024 | F33: 1 | G33: 0 | H33: u32IrisFNOLin | I33: 0 | J33: 1 | K33: 1024 | L33: 1 | M33: 节点光圈 F 值等效增益大小，仅支持 P-Iris，不支持 DC-Iris。 取值范围：[0x1, 0x400]

Sheet ExposureManual
A1: function section | B1: API name | C1: API parameter | D1: low value | E1: high value | F1: default value | G1: auto | H1: register | I1: dynamic | J1: low value | K1: high value | L1: default value | M1: description
A2: Exposure Manual | C2: ExpTimeOpType | D2: 0 | E2: 1 | F2: 0 | G2: 0 | H2: enExpTimeOpType | I2: 0 | J2: 0 | K2: 1 | L2: 0 | M2: 手动曝光时间使能，默认值为 OP_TYPE_AUTO。 取值范围：[OP_TYPE_AUTO, OP_TYPE_MANUAL]。
C3: AGainOpType | D3: 0 | E3: 1 | F3: 0 | G3: 0 | H3: enAGainOpType | I3: 0 | J3: 0 | K3: 1 | L3: 0 | M3: 手动 sensor 模拟增益使能，默认值为 OP_TYPE_AUTO 。 取值范围：[OP_TYPE_AUTO, OP_TYPE_MANUAL]。
C4: DGainOpType | D4: 0 | E4: 1 | F4: 0 | G4: 0 | H4: enDGainOpType | I4: 0 | J4: 0 | K4: 1 | L4: 0 | M4: 手动 sensor 数字增益使能，默认值为 OP_TYPE_AUTO 。 取值范围：[OP_TYPE_AUTO, OP_TYPE_MANUAL]。
C5: ISPDGainOpType | D5: 0 | E5: 1 | F5: 0 | G5: 0 | H5: enISPDGainOpType | I5: 0 | J5: 0 | K5: 1 | L5: 0 | M5: 手动 ISP 数字增益使能，默认值为 OP_TYPE_AUTO 。 取值范围：[OP_TYPE_AUTO, OP_TYPE_MANUAL]。
C6: ExpTime | D6: 0 | E6: 4294967295 | F6: 16384 | G6: 0 | H6: u32ExpTime | I6: 0 | J6: 0 | K6: 4294967295 | L6: 16384 | M6: 手动曝光时间，以微秒(us)为单位，默认值为 0x4000 (60fps)。 取值范围：[0x0, 0xFFFFFFFF]，具体范围与 sensor 相关。
C7: AGain | D7: 1024 | E7: 4294967295 | F7: 1024 | G7: 0 | H7: u32AGain | I7: 0 | J7: 1024 | K7: 4294967295 | L7: 1024 | M7: 手动 sensor 模拟增益，10bit 小数精度，默认值为 0x400。 取值范围：[0x400, 0xFFFFFFFF]，具体范围与 sensor 相关。
C8: DGain | D8: 1024 | E8: 4294967295 | F8: 1024 | G8: 0 | H8: u32DGain | I8: 0 | J8: 1024 | K8: 4294967295 | L8: 1024 | M8: 手动 sensor 数字增益，10bit 小数精度，默认值为 0x400。 取值范围：[0x400, 0xFFFFFFFF]，具体范围与 sensor 相关。
C9: ISPDGain | D9: 1024 | E9: 262144 | F9: 1024 | G9: 0 | H9: u32ISPDGain | I9: 0 | J9: 1024 | K9: 262144 | L9: 1024 | M9: 手动 ISP 数字增益，10bit 小数精度，默认值为 0x400。 取值范围：[0x400, 0x40000]，具体范围与 sensor 相关。

Sheet BNR
A1: Function section | B1: API name | C1: API parameter | D1: UI Level | E1: Calibration | F1: low value | G1: high value | H1: default value | I1: parameter description | J1: auto | K1: register | L1: dynamic | M1: low value | N1: high value | O1: default value | P1: description | Q1: isp_param_def.h | R1: cvi_vip_tun_cfg.h | S1: ISP_API | T1: Note
A2: Common | B2: CVI_MPI_ISP_SetNRAttr | C2: Enable | D2: 0 | F2: 0 | G2: 1 | H2: 0 | I2: BNR模塊使能。 0: 關閉。 1: 使能。 | J2: 0 | K2: reg_bnr_enable | L2: 1 | M2: 0 | N2: 1 | O2: 0 | P2: BNR Enable | Q2: ISP_NR_ENABLE | R2: /*@todo ? see out_sel */
C3: WindowType | D3: 0 | F3: 0 | G3: 11 | H3: 11 | I3: 去噪濾波局域程度。其值越小，作用越局域。 | J3: 1 | K3: reg_bnr_weight_intra_0 | L3: 1 | M3: 0 | N3: 6 | O3: 6 | P3: Window type for noise reudction | Q3: ISP_NR_MANUAL_WINDOWTYPE | R3: weight_intra_0 | S3: BNR_Kernel_API()
K4: reg_bnr_weight_intra_1 | L4: 1 | M4: 0 | N4: 6 | O4: 6 | R4: weight_intra_1
K5: reg_bnr_weight_intra_2 | L5: 1 | M5: 0 | N5: 6 | O5: 6 | R5: weight_intra_2
K6: reg_bnr_weight_norm_intra1 | L6: 1 | M6: 0 | N6: 127 | R6: weight_norm_1
K7: reg_bnr_weight_norm_intra2 | L7: 1 | M7: 0 | N7: 255 | R7: weight_norm_2
C8: DetailSmoothMode | D8: 0 | F8: 0 | G8: 1 | H8: 1 | I8: 去噪細節平滑功能使能。 0: 關閉。 1: 使能。 | J8: 1 | K8: reg_bnr_flag_neighbor_max_weight | L8: 1 | M8: 0 | N8: 1 | O8: 1 | P8: Detail smooth mode | Q8: ISP_NR_MANUAL_DETAILSMOOTHMODE | R8: bnr_2_cfg.NEIGHBOR_MAX
C9: NoiseSupressStr | D9: 0 | F9: 0 | G9: 255 | H9: 0 | I9: 噪聲抑制強度。值越大，亮噪去除強度越大。 | J9: 1 | K9: reg_bnr_ns_gain | L9: 1 | M9: 0 | N9: 255 | O9: 0 | P9: Noise suppression strength | Q9: ISP_NR_MANUAL_NOISESUPPRESSSTR | R9: bnr_1_cfg.NS_GAIN
C10: FilterType | D10: 0 | F10: 0 | G10: 255 | H10: 0 | I10: 去噪濾波器強度。值越大，亮噪去除強度越大。 | J10: 1 | K10: reg_bnr_weight_lut_h[256] | L10: 1 | M10: 0 | N10: 31 | O10: NA | P10: Strength of luma noise reduction filter | Q10: ISP_NR_MANUAL_FILTERTYPE | R10: weight_lut[256] | S10: BNR_LUT_H_API()
C11: NoiseSupressStrMode | D11: 1 | F11: 0 | G11: 255 | H11: 0 | I11: 亮噪去噪強度。值越大，亮噪去除強度越大。 | J11: 1 | K11: reg_bnr_strength_mode | L11: 1 | M11: 0 | N11: 255 | O11: 0 | P11: Noise suppression strength mode | Q11: ISP_NR_MANUAL_NOISESUPPRESSSTRMODE | R11: bnr_1_cfg.STRENGTH_MODE
A12: Filter | B12: CVI_MPI_ISP_SetNRFilterAttr | C12: NrLscRatio | D12: 0 | F12: 0 | G12: 31 | H12: 0 | I12: 參考LSC增益調節去噪強度。值越大，參考LSC增益的比例越多。 | J12: 1 | K12: reg_bnr_lsc_ratio | L12: 1 | M12: 0 | N12: 31 | O12: 0 | P12: Strength of removing the random noise according to luma | Q12: ISP_NR_MANUAL_NRLSCRATIO | R12: bnr_2_cfg.LSC_RATIO
C13: TuningMode | D13: 0 | F13: 0 | G13: 15 | H13: 8 | I13: 輸出中繼檔案，輔助調節參數。_x000D_ 8: BNR圖像結果。_x000D_ 11: 平坦/邊緣偵測圖像結果。_x000D_ 12: 垂直邊緣偵測圖像結果。_x000D_ 13: 水平邊緣偵測圖像結果。_x000D_ 14: 反對角線邊緣偵測圖像結果。_x000D_ 15: 對角線邊緣偵測圖像結果。_x000D_ | J13: 0 | K13: reg_bnr_out_sel | L13: 1 | M13: 0 | N13: 15 | O13: 8 | P13: Tuning mode | Q13: ISP_NR_MANUAL_TUNINGMODE | R13: out_sel
C14: LumaStr[8] | D14: 1 | F14: 0 | G14: 31 | H14: 0 | I14: 參考圖像亮度從暗到亮分別調節去噪強度。值越大，亮噪去除強度越大。 | J14: 1 | K14: reg_bnr_intensity_sel_0 | L14: 1 | M14: 0 | N14: 31 | O14: 0 | P14: Strength of noise reduction for luma node 0 | Q14: ISP_NR_MANUAL_LUMASTR0 | R14: intensity_sel[8] | T14: 這八個參數是專家模式，分別調整亮度從暗到亮的NR強度。根據經驗，調八個節點是不難調整。不過，後來新增了 noise profile的calibration的功能，所以原則上這八個參數是不需要使用的。目前保留，當作專家模式。
K15: reg_bnr_intensity_sel_1 | L15: 1 | M15: 0 | N15: 31 | O15: 0 | P15: Strength of noise reduction for luma node 1 | Q15: ISP_NR_MANUAL_LUMASTR1
K16: reg_bnr_intensity_sel_2 | L16: 1 | M16: 0 | N16: 31 | O16: 0 | P16: Strength of noise reduction for luma node 2 | Q16: ISP_NR_MANUAL_LUMASTR2
K17: reg_bnr_intensity_sel_3 | L17: 1 | M17: 0 | N17: 31 | O17: 0 | P17: Strength of noise reduction for luma node 3 | Q17: ISP_NR_MANUAL_LUMASTR3
K18: reg_bnr_intensity_sel_4 | L18: 1 | M18: 0 | N18: 31 | O18: 0 | P18: Strength of noise reduction for luma node 4 | Q18: ISP_NR_MANUAL_LUMASTR4
K19: reg_bnr_intensity_sel_5 | L19: 1 | M19: 0 | N19: 31 | O19: 0 | P19: Strength of noise reduction for luma node 5 | Q19: ISP_NR_MANUAL_LUMASTR5
K20: reg_bnr_intensity_sel_6 | L20: 1 | M20: 0 | N20: 31 | O20: 0 | P20: Strength of noise reduction for luma node 6 | Q20: ISP_NR_MANUAL_LUMASTR6
K21: reg_bnr_intensity_sel_7 | L21: 1 | M21: 0 | N21: 31 | O21: 0 | P21: Strength of noise reduction for luma node 7 | Q21: ISP_NR_MANUAL_LUMASTR7
C22: VarThr | D22: 0 | F22: 0 | G22: 1023 | H22: 512 | I22: 偵測邊緣的閾值。值越大，判斷為邊緣的數量越少。 | J22: 1 | K22: reg_bnr_var_th | L22: 1 | M22: 0 | N22: 1023 | O22: 512 | P22: Threshold for edge detection | Q22: ISP_NR_MANUAL_VARTHR | R22: bnr_2_cfg.VAR_TH
C23: CoringWgtLF | D23: 0 | F23: 0 | G23: 256 | H23: 0 | I23: 調節在低頻區域的隨機噪聲強度。值越大，在低頻區域保留的噪聲越多。 | J23: 1 | K23: reg_bnr_res_ratio_k_smooth | L23: 1 | M23: 0 | N23: 256 | O23: 0 | P23: Strength of reserving random noise for low-frequency region | Q23: ISP_NR_MANUAL_CORINGWGTLF | R23: k_smooth
C24: CoringWgtHF | D24: 0 | F24: 0 | G24: 256 | H24: 0 | I24: 調節在高頻區域的隨機噪聲強度。值越大，在高頻區域的保留的噪聲越多。 | J24: 1 | K24: reg_bnr_res_ratio_k_texture | L24: 1 | M24: 0 | N24: 256 | O24: 0 | P24: Strength of reserving random noise for high-frequency region | Q24: ISP_NR_MANUAL_CORINGWGTHF | R24: k_texture
C25: NonDirFiltStr | D25: 0 | F25: 0 | G25: 31 | H25: 0 | I25: 調節在低頻區的去噪強度。值越大，在低頻區域去除的噪聲越多。 | J25: 1 | K25: reg_bnr_weight_smooth | L25: 1 | M25: 0 | N25: 31 | O25: 0 | P25: Strength of low-frequency noise reduction | Q25: ISP_NR_MANUAL_NONDIRFILTSTR | R25: bnr_2_cfg.WEIGHT_SM
C26: VhDirFiltStr | D26: 0 | F26: 0 | G26: 31 | H26: 0 | I26: 調節在水平和垂直區的去噪強度。值越大，在水平和垂直邊緣去除的噪聲越多。 | J26: 1 | K26: reg_bnr_weight_v | L26: 1 | M26: 0 | N26: 31 | O26: 0 | P26: Strength of vertical spatial frequency noise reduction | Q26: ISP_NR_MANUAL_VHDIRFILTSTR | R26: bnr_2_cfg.WEIGHT_V
K27: reg_bnr_weight_h | L27: 1 | M27: 0 | N27: 31 | O27: 0 | P27: Strength of horizontal spatial frequency noise reduction | Q27: ISP_NR_MANUAL_VHDIRFILTSTR | R27: bnr_2_cfg.WEIGHT_H
C28: AaDirFiltStr | D28: 0 | F28: 0 | G28: 31 | H28: 0 | I28: 調節在對角線邊緣的去噪強度。值越大，在對角線邊緣去除的噪聲越多。 | J28: 1 | K28: reg_bnr_weight_d45 | L28: 1 | M28: 0 | N28: 31 | O28: 0 | P28: Strength of 45-degree diagonal spatial frequency noise reduction | Q28: ISP_NR_MANUAL_AADIRFILTSTR | R28: bnr_2_cfg.WEIGHT_D45
K29: reg_bnr_weight_d135 | L29: 1 | M29: 0 | N29: 31 | O29: 0 | P29: Strength of 135-degree diagonal spatial frequency noise reduction | Q29: ISP_NR_MANUAL_AADIRFILTSTR | R29: bnr_2_cfg.WEIGHT_D135
A30: Noise Profile | B30: CVI_MPI_ISP_SetNRNoiseModelAttr | C30: NpSlopeB | D30: 1 | E30: 1 | F30: 0 | G30: 1023 | H30: 0 | I30: Noise profile 在B通道的斜率。 | J30: 1 | K30: reg_bnr_ns_slope_b | L30: 1 | M30: 0 | N30: 1023 | O30: 0 | P30: Noise profile slope of B channel | Q30: ISP_NR_MANUAL_NPSLOPEB | R30: bnr_1_cfg.NS_SLOPE_B | S30: ? | T30: Noise Profile 移掉 manual, opType，固定為 AUTO
C31: NpSlopeGb | D31: 1 | E31: 1 | F31: 0 | G31: 1023 | H31: 0 | I31: Noise profile 在Gb通道的斜率。 | J31: 1 | K31: reg_bnr_ns_slope_gb | L31: 1 | M31: 0 | N31: 1023 | O31: 0 | P31: Noise profile slope of Gb channel | Q31: ISP_NR_MANUAL_NPSLOPEGB | R31: bnr_1_cfg.NS_SLOPE_GB
C32: NpSlopeGr | D32: 1 | E32: 1 | F32: 0 | G32: 1023 | H32: 0 | I32: Noise profile 在Gr通道的斜率。 | J32: 1 | K32: reg_bnr_ns_slope_gr | L32: 1 | M32: 0 | N32: 1023 | O32: 0 | P32: Noise profile slope of Gr channel | Q32: ISP_NR_MANUAL_NPSLOPEGR | R32: bnr_1_cfg.NS_SLOPE_GR
C33: NpSlopeR | D33: 1 | E33: 1 | F33: 0 | G33: 1023 | H33: 0 | I33: Noise profile 在R通道的斜率。 | J33: 1 | K33: reg_bnr_ns_slope_r | L33: 1 | M33: 0 | N33: 1023 | O33: 0 | P33: Noise profile slope of R channel | Q33: ISP_NR_MANUAL_NPSLOPER | R33: bnr_1_cfg.NS_SLOPE_R
C34: NpLumaThrB | D34: 1 | E34: 1 | F34: 0 | G34: 1023 | H34: 0 | I34: Noise profile 在B通道的亮度閾值。 | J34: 1 | K34: reg_bnr_ns_luma_th_b | L34: 1 | M34: 0 | N34: 1023 | O34: 0 | P34: Noise profile luma threshold of B channel | Q34: ISP_NR_MANUAL_NPLUMATHRB | R34: bnr_1_cfg.NS_LUMA_TH_B
C35: NpLumaThrGb | D35: 1 | E35: 1 | F35: 0 | G35: 1023 | H35: 0 | I35: Noise profile 在Gb通道的亮度閾值。 | J35: 1 | K35: reg_bnr_ns_luma_th_gb | L35: 1 | M35: 0 | N35: 1023 | O35: 0 | P35: Noise profile luma threshold of Gb channel | Q35: ISP_NR_MANUAL_NPLUMATHRGB | R35: bnr_1_cfg.NS_LUMA_TH_GB
C36: NpLumaThrGr | D36: 1 | E36: 1 | F36: 0 | G36: 1023 | H36: 0 | I36: Noise profile 在Gr通道的亮度閾值。 | J36: 1 | K36: reg_bnr_ns_luma_th_gr | L36: 1 | M36: 0 | N36: 1023 | O36: 0 | P36: Noise profile luma threshold of Gr channel | Q36: ISP_NR_MANUAL_NPLUMATHRGR | R36: bnr_1_cfg.NS_LUMA_TH_GR
C37: NpLumaThrR | D37: 1 | E37: 1 | F37: 0 | G37: 1023 | H37: 0 | I37: Noise profile 在R通道的亮度閾值。 | J37: 1 | K37: reg_bnr_ns_luma_th_r | L37: 1 | M37: 0 | N37: 1023 | O37: 0 | P37: Noise profile luma threshold of R channel | Q37: ISP_NR_MANUAL_NPLUMATHRR | R37: bnr_1_cfg.NS_LUMA_TH_R
C38: NpLowOffsetB | D38: 1 | E38: 1 | F38: 0 | G38: 1023 | H38: 0 | I38: Noise profile 在B通道可允許的最小 noise level。 | J38: 1 | K38: reg_bnr_ns_low_offset_b | L38: 1 | M38: 0 | N38: 1023 | O38: 0 | P38: Noise profile low offset of B channel | Q38: ISP_NR_MANUAL_NPLOWOFFSETB | R38: bnr_1_cfg.NS_OFFSET0_B
C39: NpLowOffsetGb | D39: 1 | E39: 1 | F39: 0 | G39: 1023 | H39: 0 | I39: Noise profile 在Gb通道可允許的最小 noise level。 | J39: 1 | K39: reg_bnr_ns_low_offset_gb | L39: 1 | M39: 0 | N39: 1023 | O39: 0 | P39: Noise profile low offset of Gb channel | Q39: ISP_NR_MANUAL_NPLOWOFFSETGB | R39: bnr_1_cfg.NS_OFFSET0_GB
C40: NpLowOffsetGr | D40: 1 | E40: 1 | F40: 0 | G40: 1023 | H40: 0 | I40: Noise profile 在Gr通道可允許的最小 noise level。 | J40: 1 | K40: reg_bnr_ns_low_offset_gr | L40: 1 | M40: 0 | N40: 1023 | O40: 0 | P40: Noise profile low offset of Gr channel | Q40: ISP_NR_MANUAL_NPLOWOFFSETGR | R40: bnr_1_cfg.NS_OFFSET0_GR
C41: NpLowOffsetR | D41: 1 | E41: 1 | F41: 0 | G41: 1023 | H41: 0 | I41: Noise profile 在R通道可允許的最小 noise level。 | J41: 1 | K41: reg_bnr_ns_low_offset_r | L41: 1 | M41: 0 | N41: 1023 | O41: 0 | P41: Noise profile low offset of R channel | Q41: ISP_NR_MANUAL_NPLOWOFFSETR | R41: bnr_1_cfg.NS_OFFSET0_R
C42: NpHighOffsetB | D42: 1 | E42: 1 | F42: 0 | G42: 1023 | H42: 0 | I42: Noise profile 在B通道可允許的最大 noise level。 | J42: 1 | K42: reg_bnr_ns_high_offset_b | L42: 1 | M42: 0 | N42: 1023 | O42: 0 | P42: Noise profile high offset of B channel | Q42: ISP_NR_MANUAL_NPHIGHOFFSETB | R42: bnr_1_cfg.NS_OFFSET1_B
C43: NpHighOffsetGb | D43: 1 | E43: 1 | F43: 0 | G43: 1023 | H43: 0 | I43: Noise profile 在Gb通道可允許的最大 noise level。 | J43: 1 | K43: reg_bnr_ns_high_offset_gb | L43: 1 | M43: 0 | N43: 1023 | O43: 0 | P43: Noise profile high offset of Gb channel | Q43: ISP_NR_MANUAL_NPHIGHOFFSETGB | R43: bnr_1_cfg.NS_OFFSET1_GB
A44: RLSC | C44: NpHighOffsetGr | D44: 1 | E44: 1 | F44: 0 | G44: 1023 | H44: 0 | I44: Noise profile 在Gr通道可允許的最大 noise level。 | J44: 1 | K44: reg_bnr_ns_high_offset_gr | L44: 1 | M44: 0 | N44: 1023 | O44: 0 | P44: Noise profile high offset of Gr channel | Q44: ISP_NR_MANUAL_NPHIGHOFFSETGR | R44: bnr_1_cfg.NS_OFFSET1_GR
C45: NpHighOffsetR | D45: 1 | E45: 1 | F45: 0 | G45: 1023 | H45: 0 | I45: Noise profile 在R通道可允許的最大 noise level。 | J45: 1 | K45: reg_bnr_ns_high_offset_r | L45: 1 | M45: 0 | N45: 1023 | O45: 0 | P45: Noise profile high offset of R channel | Q45: ISP_NR_MANUAL_NPHIGHOFFSETR | R45: bnr_1_cfg.NS_OFFSET1_R
B46: CVI_MPI_ISP_SetRLSCAttr | C46: RlscEnable | D46: 0 | F46: 0 | G46: 1 | H46: 0 | I46: RLSC功能使能。_x000D_ 0: 關閉。_x000D_ 1: 使能。_x000D_ | J46: 0 | K46: reg_cbns_enable | L46: 1 | M46: 0 | N46: 1 | O46: 0 | P46: RLSC enable | Q46: ISP_NR_RLSCENABLE | R46: lsc_en
C47: RadialStr | D47: 0 | F47: 0 | G47: 4095 | H47: 128 | I47: 用來調整RLSC標定後的強度。值越大，越接近標定後的強度。 | J47: 1 | K47: reg_cbns_strnth | L47: 1 | M47: 0 | N47: 4095 | O47: 128 | P47: Strength of removing the random noise according to luma | Q47: ISP_NR_MANUAL_RADIALSTR | R47: lsc_strenth
C48: RlscCenterX | D48: 1 | E48: 1 | F48: 0 | G48: 4095 | H48: 0 | J48: 0 | K48: reg_cbns_centerx | L48: 1 | M48: 0 | N48: 4095 | O48: 0 | P48: Center coordinate X for RLSC | Q48: ISP_NR_RLSCCENTERX | R48: lsc_centerx
C49: RlscCenterY | D49: 1 | E49: 1 | F49: 0 | G49: 2047 | H49: 0 | J49: 0 | K49: reg_cbns_centery | L49: 1 | M49: 0 | N49: 2047 | O49: 0 | P49: Center coordinate Y for RLSC | Q49: ISP_NR_RLSCCENTERY | R49: lsc_centery
C50: RlscNorm | D50: 9 | E50: 1 | F50: 0 | G50: 32767 | H50: 0 | J50: 0 | K50: reg_cbns_norm | L50: 1 | M50: 0 | N50: 32767 | O50: 0 | P50: Normalization for RLSC | Q50: ISP_NR_RLSCNORM | R50: lsc_norm
C51: RlscGainTable[32] | D51: 9 | E51: 1 | F51: 0 | G51: 255 | H51: {32, 32, 32, 32, 32, 32, 32, 33, 33, 34, 34, 35, 36, 37, 38, 39, 40, 41, 43, 44, 45, 47, 49, 51, 53, 55, 57, 59, 61, 64, 66, 69} | J51: 1 | K51: reg_cbns_gain_lut[32] | L51: 1 | M51: 0 | N51: 0 | O51: 255 | P51: RLSC gain table | Q51: ISP_NR_MANUAL_RLSCGAINTABLE_0 | R51: lsc_gain_lut[32]
A52: API parameter 藍色標記的參數: 代表預設顯示在UI上。 | T52: 1. data length 怎麼決定，會不會跟 driver 不一致？
A53: API parameter 黑色標記的參數: 代表預設不顯示在UI，開啟工程模式才會在UI上顯示。 | T53: 2. mpi 拆成多隻的理由，是否會造成什麼影響？
T54: 3. LumaStr 改成一個 array, parser 的影響
A57: 備註:
A58: FilterType 等於 algo_bnr_weight_intra_sel
A59: CoarseStr 等於 algo_bnr_weight_h_sel
S69: ISP_NR_MANUAL_RADIALSTR
S70: ISP_NR_MANUAL_RLSCGAINTABLE_0

Sheet YNR
A1: Function section | B1: API name | C1: API parameter | D1: UI Level | E1: Calibration | F1: low value | G1: high value | H1: default value | I1: parameter description | J1: auto | K1: register | L1: dynamic | M1: low value | N1: high value | O1: default value | P1: description | Q1: isp_param_def.h | R1: cvi_vip_tun_cfg.h | S1: ISP_API | T1: Note
A2: Common | B2: CVI_MPI_ISP_SetYNRAttr | C2: Enable | D2: 0 | F2: 0 | G2: 1 | H2: 0 | I2: YNR模塊使能。 0: 關閉。 1: 使能。 | J2: 0 | K2: reg_ynr_enable | L2: 1 | M2: 0 | N2: 1 | O2: 0 | P2: YNR enable | Q2: ISP_YNR_ENABLE | R2: enable | T2: should gencode ISP_YNR_ENOPTYPE
C3: WindowType | D3: 0 | F3: 0 | G3: 11 | H3: 11 | I3: 去噪濾波局域程度。其值越小，作用越局域。 | J3: 1 | K3: reg_ynr_weight_intra_0 | L3: 1 | M3: 0 | N3: 6 | O3: 6 | P3: Filter type for noise reudction | Q3: ISP_YNR_MANUAL_WINDOWTYPE | R3: weight_intra_0 | S3: YNR_Kernel_API()
K4: reg_ynr_weight_intra_1 | L4: 1 | M4: 0 | N4: 6 | O4: 6 | R4: weight_intra_1
K5: reg_ynr_weight_intra_2 | L5: 1 | M5: 0 | N5: 6 | O5: 6 | R5: weight_intra_2
K6: reg_bnr_weight_norm_intra1 | L6: 1 | M6: 0 | N6: 127 | R6: weight_norm_1
K7: reg_bnr_weight_norm_intra2 | L7: 1 | M7: 0 | N7: 255 | R7: weight_norm_2
C8: DetailSmoothMode | D8: 0 | F8: 0 | G8: 1 | H8: 1 | I8: 去噪細節平滑功能使能。 0: 關閉。 1: 使能。 | J8: 1 | K8: reg_ynr_flag_neighbor_max_weight | L8: 1 | M8: 0 | N8: 1 | O8: 1 | P8: Detail smooth mode | Q8: ISP_YNR_MANUAL_DETAILSMOOTHMODE | R8: ynr_2_cfg.NEIGHBOR_MAX
C9: NoiseSuppressStr | D9: 0 | F9: 0 | G9: 255 | H9: 0 | I9: 噪聲抑制強度。值越大，亮噪去除強度越大。 | J9: 1 | K9: reg_ynr_ns_gain | L9: 1 | M9: 0 | N9: 255 | O9: 0 | P9: Strength of luma noise reduction | Q9: ISP_YNR_MANUAL_NOISESUPPRESSSTR | R9: ynr_1_cfg.NS_GAIN
C10: FilterType | D10: 0 | F10: 0 | G10: 255 | H10: 0 | I10: 去噪濾波器強度。值越大，亮噪去除強度越大。 | J10: 1 | K10: reg_ynr_weight_lut_h[256] | L10: 1 | M10: 0 | N10: 31 | O10: NA | P10: Coarse strength of noise reudction | Q10: ISP_YNR_MANUAL_FILTERTYPE | R10: weight_lut_h[256] | S10: YNR_LUT_H_API()
C11: CoarseStrMode | D11: 1 | F11: 0 | G11: 255 | H11: 0 | I11: 亮噪去噪粗調強度。值越大，亮噪去除強度越大。 | J11: 1 | K11: reg_ynr_strength_mode | L11: 1 | M11: 0 | N11: 255 | O11: 0 | P11: Coarse strength mode of noise reudction | Q11: ISP_YNR_MANUAL_COARSESTRMODE | R11: ynr_1_cfg.STRENGTH_MODE
C12: TuningMode | D12: 0 | F12: 0 | G12: 15 | H12: 8 | I12: 輸出中繼檔案，輔助調節參數。_x000D_ 8: YNR圖像結果。_x000D_ 11: 平坦/邊緣偵測圖像結果。_x000D_ 12: 垂直邊緣偵測圖像結果。_x000D_ 13: 水平邊緣偵測圖像結果。_x000D_ 14: 反對角線邊緣偵測圖像結果。_x000D_ 15: 對角線邊緣偵測圖像結果。_x000D_ | J12: 0 | K12: reg_ynr_out_sel | L12: 1 | M12: 0 | N12: 15 | O12: 8 | P12: Tuning mode | Q12: ISP_YNR_MANUAL_TUNINGMODE | R12: out_sel
A13: Motion NR | B13: CVI_MPI_ISP_SetYNRMotionNRAttr | C13: MotionThr | D13: 0 | F13: 0 | G13: 15 | H13: 4 | I13: 物體移動量閾值。值越小，偵測為運動的區域範圍越大。_x000D_ | J13: 1 | K13: reg_ynr_motion_ns_th | L13: 1 | M13: 0 | N13: 15 | O13: 4 | P13: Motion threshold | Q13: ISP_YNR_MANUAL_MOTIONTHR | R13: ynr_1_cfg.MOTION_NS_TH
C14: MotionNrPosGain | D14: 0 | F14: 0 | G14: 64 | H14: 0 | I14: 調節在大於移動量閾值的區域之去噪強度。值越大，噪聲保留越少。 | J14: 1 | K14: reg_ynr_motion_pos_gain | L14: 1 | M14: 0 | N14: 64 | O14: 0 | P14: Strength of removing the random noise according to motion | Q14: ISP_YNR_MANUAL_MOTIONNRPOSGAIN | R14: ynr_1_cfg.MOTION_POS_GAIN
C15: MotionNrNegGain | D15: 0 | F15: 0 | G15: 64 | H15: 0 | I15: 調節在小於移動量閾值的區域之去噪強度。值越小，噪聲保留越少。 | J15: 1 | K15: reg_ynr_motion_neg_gain | L15: 1 | M15: 0 | N15: 64 | O15: 0 | P15: Strength of preseving the random noise according to motion | Q15: ISP_YNR_MANUAL_MOTIONNRNEGGAIN | R15: ynr_1_cfg.MOTION_NEG_GAIN
A16: Filter | B16: CVI_MPI_ISP_SetYNRFilterAttr | C16: LumaStr[8] | D16: 1 | F16: 0 | G16: 31 | H16: 0 | I16: 參考圖像亮度從暗到亮分別調節去噪強度。值越大，亮噪去除強度越大。 | J16: 1 | K16: reg_ynr_intensity_sel_0 | L16: 1 | M16: 0 | N16: 31 | O16: 0 | P16: Strength of noise reduction for luma node 0 | Q16: ISP_YNR_MANUAL_LUMASTR0 | R16: intensity_sel[8]
D17: 1 | F17: 0 | G17: 31 | H17: 0 | J17: 1 | K17: reg_ynr_intensity_sel_1 | L17: 1 | M17: 0 | N17: 31 | O17: 0 | P17: Strength of noise reduction for luma node 1 | Q17: ISP_YNR_MANUAL_LUMASTR1
D18: 1 | F18: 0 | G18: 31 | H18: 0 | J18: 1 | K18: reg_ynr_intensity_sel_2 | L18: 1 | M18: 0 | N18: 31 | O18: 0 | P18: Strength of noise reduction for luma node 2 | Q18: ISP_YNR_MANUAL_LUMASTR2
D19: 1 | F19: 0 | G19: 31 | H19: 0 | J19: 1 | K19: reg_ynr_intensity_sel_3 | L19: 1 | M19: 0 | N19: 31 | O19: 0 | P19: Strength of noise reduction for luma node 3 | Q19: ISP_YNR_MANUAL_LUMASTR3
D20: 1 | F20: 0 | G20: 31 | H20: 0 | J20: 1 | K20: reg_ynr_intensity_sel_4 | L20: 1 | M20: 0 | N20: 31 | O20: 0 | P20: Strength of noise reduction for luma node 4 | Q20: ISP_YNR_MANUAL_LUMASTR4
D21: 1 | F21: 0 | G21: 31 | H21: 0 | J21: 1 | K21: reg_ynr_intensity_sel_5 | L21: 1 | M21: 0 | N21: 31 | O21: 0 | P21: Strength of noise reduction for luma node 5 | Q21: ISP_YNR_MANUAL_LUMASTR5
D22: 1 | F22: 0 | G22: 31 | H22: 0 | J22: 1 | K22: reg_ynr_intensity_sel_6 | L22: 1 | M22: 0 | N22: 31 | O22: 0 | P22: Strength of noise reduction for luma node 6 | Q22: ISP_YNR_MANUAL_LUMASTR6
D23: 1 | F23: 0 | G23: 31 | H23: 0 | J23: 1 | K23: reg_ynr_intensity_sel_7 | L23: 1 | M23: 0 | N23: 31 | O23: 0 | P23: Strength of noise reduction for luma node 7 | Q23: ISP_YNR_MANUAL_LUMASTR7
C24: VarThr | D24: 0 | F24: 0 | G24: 255 | H24: 64 | I24: 偵測邊緣的閾值。值越大，判斷為邊緣的數量越少。 | J24: 1 | K24: reg_ynr_var_th | L24: 1 | M24: 0 | N24: 255 | O24: 64 | P24: Threshold for texture/non-texture classification | Q24: ISP_YNR_MANUAL_VARTHR | R24: var_th
C25: CoringWgtLF | D25: 0 | F25: 0 | G25: 256 | H25: 0 | I25: 調節在低頻區域的隨機噪聲強度。值越大，在低頻區域保留的噪聲越多。 | J25: 1 | K25: reg_ynr_res_ratio_k_smooth | L25: 1 | M25: 0 | N25: 256 | O25: 0 | P25: Strength of reserving random noise for low spatial frequency region | Q25: ISP_YNR_MANUAL_CORINGWGTLF | R25: k_smooth
C26: CoringWgtHF | D26: 0 | F26: 0 | G26: 256 | H26: 0 | I26: 調節在高頻區域的隨機噪聲強度。值越大，在高頻區域的保留的噪聲越多。 | J26: 1 | K26: reg_ynr_res_ratio_k_texture | L26: 1 | M26: 0 | N26: 256 | O26: 0 | P26: Strength of reserving random noise for high spatial frequency region | Q26: ISP_YNR_MANUAL_CORINGWGTHF | R26: k_texture
C27: NonDirFiltStr | D27: 0 | F27: 0 | G27: 31 | H27: 0 | I27: 調節在低頻區的去噪強度。值越大，在低頻區域去除的噪聲越多。 | J27: 1 | K27: reg_ynr_weight_smooth | L27: 1 | M27: 0 | N27: 31 | O27: 0 | P27: Strength of low-frequency noise reduction | Q27: ISP_YNR_MANUAL_NONDIRFILTSTR | R27: ynr_2_cfg.WEIGHT_SM
C28: VhDirFiltStr | D28: 0 | F28: 0 | G28: 31 | H28: 0 | I28: 調節在水平和垂直區的去噪強度。值越大，在水平和垂直邊緣去除的噪聲越多。 | J28: 1 | K28: reg_ynr_weight_v | L28: 1 | M28: 0 | N28: 31 | O28: 0 | P28: Strength of vertical/horizontal spatial frequency noise reduction | Q28: ISP_YNR_MANUAL_VHDIRFILTSTR | R28: ynr_2_cfg.WEIGHT_V
K29: reg_ynr_weight_h | L29: 1 | M29: 0 | N29: 31 | O29: 0 | Q29: ISP_YNR_MANUAL_VHDIRFILTSTR | R29: ynr_2_cfg.WEIGHT_H
C30: AaDirFiltStr | D30: 0 | F30: 0 | G30: 31 | H30: 0 | I30: 調節在對角線邊緣的去噪強度。值越大，在對角線邊緣去除的噪聲越多。 | J30: 1 | K30: reg_ynr_weight_d45 | L30: 1 | M30: 0 | N30: 31 | O30: 0 | P30: Strength of 45/135-degree diagonal spatial frequency noise reduction | Q30: ISP_YNR_MANUAL_AADIRFILTSTR | R30: ynr_2_cfg.WEIGHT_D45
K31: reg_ynr_weight_d135 | L31: 1 | M31: 0 | N31: 31 | O31: 0 | Q31: ISP_YNR_MANUAL_AADIRFILTSTR | R31: ynr_2_cfg.WEIGHT_D135
C32: FilterMode | D32: 1 | F32: 0 | G32: 1023 | H32: 0 | I32: 濾波器模式。 值越小，平坦區保留的噪聲均勻性越好。 | J32: 1 | K32: reg_ynr_alpha_gain | L32: 1 | M32: 0 | N32: 1023 | O32: 0 | P32: Filter mode | Q32: ISP_YNR_MANUAL_FILTERMODE | R32: alpha_gain
A33: Noise Profile Base | B33: CVI_MPI_ISP_SetYNRNoiseProfileAttr | C33: NpSlopeBase[5] | D33: 9 | E33: 1 | F33: =H33-1024 -> -1024 | G33: 1023 | H33: 0 | I33: Noise profile base 的斜率。 | J33: 1 | K33: reg_ynr_ns_slope_0 | L33: 1 | M33: =O33-1024 -> -1024 | N33: 1023 | O33: 0 | P33: Noise profile slope node 0 (Base) | Q33: ISP_YNR_MANUAL_NPSLOPEBASE0 | R33: ns0_slope[5] | S33: YNR_GetNpSlope() | T33: 同時要設兩套一樣的東西，base 是high noise，advance為low noise
D34: 9 | E34: 1 | F34: =H34-1024 -> -1024 | G34: 1023 | H34: 0 | J34: 1 | K34: reg_ynr_ns_slope_1 | L34: 1 | M34: =O34-1024 -> -1024 | N34: 1023 | O34: 0 | P34: Noise profile slope node 1 (Base) | Q34: ISP_YNR_MANUAL_NPSLOPEBASE1
D35: 9 | E35: 1 | F35: =H35-1024 -> -1024 | G35: 1023 | H35: 0 | J35: 1 | K35: reg_ynr_ns_slope_2 | L35: 1 | M35: =O35-1024 -> -1024 | N35: 1023 | O35: 0 | P35: Noise profile slope node 2 (Base) | Q35: ISP_YNR_MANUAL_NPSLOPEBASE2
D36: 9 | E36: 1 | F36: =H36-1024 -> -1024 | G36: 1023 | H36: 0 | J36: 1 | K36: reg_ynr_ns_slope_3 | L36: 1 | M36: =O36-1024 -> -1024 | N36: 1023 | O36: 0 | P36: Noise profile slope node 3 (Base) | Q36: ISP_YNR_MANUAL_NPSLOPEBASE3
D37: 9 | E37: 1 | F37: =H37-1024 -> -1024 | G37: 1023 | H37: 0 | J37: 1 | K37: reg_ynr_ns_slope_4 | L37: 1 | M37: =O37-1024 -> -1024 | N37: 1023 | O37: 0 | P37: Noise profile slope node 4 (Base) | Q37: ISP_YNR_MANUAL_NPSLOPEBASE4
C38: NpLumaThrBase[6] | D38: 1 | E38: 1 | F38: 0 | G38: 255 | H38: 0 | I38: Noise profile base 的亮度閾值。 | J38: 1 | K38: reg_ynr_ns_luma_th_0 | L38: 1 | M38: 0 | N38: 255 | O38: 0 | P38: Noise profile luma threshold node 0 (Base) | Q38: ISP_YNR_MANUAL_NPLUMATHRBASE0 | R38: ns0_luma_th[6]
D39: 1 | E39: 1 | F39: 0 | G39: 255 | H39: 0 | J39: 1 | K39: reg_ynr_ns_luma_th_1 | L39: 1 | M39: 0 | N39: 255 | O39: 0 | P39: Noise profile luma threshold node 1 (Base) | Q39: ISP_YNR_MANUAL_NPLUMATHRBASE1
D40: 1 | E40: 1 | F40: 0 | G40: 255 | H40: 0 | J40: 1 | K40: reg_ynr_ns_luma_th_2 | L40: 1 | M40: 0 | N40: 255 | O40: 0 | P40: Noise profile luma threshold node 2 (Base) | Q40: ISP_YNR_MANUAL_NPLUMATHRBASE2
D41: 1 | E41: 1 | F41: 0 | G41: 255 | H41: 0 | J41: 1 | K41: reg_ynr_ns_luma_th_3 | L41: 1 | M41: 0 | N41: 255 | O41: 0 | P41: Noise profile luma threshold node 3 (Base) | Q41: ISP_YNR_MANUAL_NPLUMATHRBASE3
D42: 1 | E42: 1 | F42: 0 | G42: 255 | H42: 0 | J42: 1 | K42: reg_ynr_ns_luma_th_4 | L42: 1 | M42: 0 | N42: 255 | O42: 0 | P42: Noise profile luma threshold node 4 (Base) | Q42: ISP_YNR_MANUAL_NPLUMATHRBASE4
D43: 1 | E43: 1 | F43: 0 | G43: 255 | H43: 0 | J43: 1 | K43: reg_ynr_ns_luma_th_5 | L43: 1 | M43: 0 | N43: 255 | O43: 0 | P43: Noise profile luma threshold node 5 (Base) | Q43: ISP_YNR_MANUAL_NPLUMATHRBASE5
C44: NpOffsetThrBase[6] | D44: 1 | E44: 1 | F44: 0 | G44: 255 | H44: 0 | I44: Noise profile base 的 noise level。 | J44: 1 | K44: reg_ynr_ns_offset_th_0 | L44: 1 | M44: 0 | N44: 255 | O44: 0 | P44: Noise profile luma offset node 0 (Base) | Q44: ISP_YNR_MANUAL_NPOFFSETTHRBASE0 | R44: ns0_offset_th[6]
D45: 1 | E45: 1 | F45: 0 | G45: 255 | H45: 0 | J45: 1 | K45: reg_ynr_ns_offset_th_1 | L45: 1 | M45: 0 | N45: 255 | O45: 0 | P45: Noise profile luma offset node 1 (Base) | Q45: ISP_YNR_MANUAL_NPOFFSETTHRBASE1
D46: 1 | E46: 1 | F46: 0 | G46: 255 | H46: 0 | J46: 1 | K46: reg_ynr_ns_offset_th_2 | L46: 1 | M46: 0 | N46: 255 | O46: 0 | P46: Noise profile luma offset node 2 (Base) | Q46: ISP_YNR_MANUAL_NPOFFSETTHRBASE2
D47: 1 | E47: 1 | F47: 0 | G47: 255 | H47: 0 | J47: 1 | K47: reg_ynr_ns_offset_th_3 | L47: 1 | M47: 0 | N47: 255 | O47: 0 | P47: Noise profile luma offset node 3 (Base) | Q47: ISP_YNR_MANUAL_NPOFFSETTHRBASE3
D48: 1 | E48: 1 | F48: 0 | G48: 255 | H48: 0 | J48: 1 | K48: reg_ynr_ns_offset_th_4 | L48: 1 | M48: 0 | N48: 255 | O48: 0 | P48: Noise profile luma offset node 4 (Base) | Q48: ISP_YNR_MANUAL_NPOFFSETTHRBASE4
D49: 1 | E49: 1 | F49: 0 | G49: 255 | H49: 0 | J49: 1 | K49: reg_ynr_ns_offset_th_5 | L49: 1 | M49: 0 | N49: 255 | O49: 0 | P49: Noise profile luma offset node 5 (Base) | Q49: ISP_YNR_MANUAL_NPOFFSETTHRBASE5
A50: Noise Profile Advance | C50: NpSlopeAdvance[5] | D50: 9 | E50: 1 | F50: =H50-1024 -> -1024 | G50: 1023 | H50: 0 | I50: Noise profile advance 的斜率。 | J50: 1 | K50: reg_ynr_ns_slope2_0 | L50: 1 | M50: =O50-1024 -> -1024 | N50: 1023 | O50: 0 | P50: Noise profile slope node 0 (Advance) | Q50: ISP_YNR_MANUAL_NPSLOPEADVANCE0 | R50: ns1_slope[5] | S50: YNR_GetNpSlope()
D51: 9 | E51: 1 | F51: =H51-1024 -> -1024 | G51: 1023 | H51: 0 | J51: 1 | K51: reg_ynr_ns_slope2_1 | L51: 1 | M51: =O51-1024 -> -1024 | N51: 1023 | O51: 0 | P51: Noise profile slope node 1 (Advance) | Q51: ISP_YNR_MANUAL_NPSLOPEADVANCE1
D52: 9 | E52: 1 | F52: =H52-1024 -> -1024 | G52: 1023 | H52: 0 | J52: 1 | K52: reg_ynr_ns_slope2_2 | L52: 1 | M52: =O52-1024 -> -1024 | N52: 1023 | O52: 0 | P52: Noise profile slope node 2 (Advance) | Q52: ISP_YNR_MANUAL_NPSLOPEADVANCE2
D53: 9 | E53: 1 | F53: =H53-1024 -> -1024 | G53: 1023 | H53: 0 | J53: 1 | K53: reg_ynr_ns_slope2_3 | L53: 1 | M53: =O53-1024 -> -1024 | N53: 1023 | O53: 0 | P53: Noise profile slope node 3 (Advance) | Q53: ISP_YNR_MANUAL_NPSLOPEADVANCE3
D54: 9 | E54: 1 | F54: =H54-1024 -> -1024 | G54: 1023 | H54: 0 | J54: 1 | K54: reg_ynr_ns_slope2_4 | L54: 1 | M54: =O54-1024 -> -1024 | N54: 1023 | O54: 0 | P54: Noise profile slope node 4 (Advance) | Q54: ISP_YNR_MANUAL_NPSLOPEADVANCE4
C55: NpLumaThrAdvance[6] | D55: 1 | E55: 1 | F55: 0 | G55: 255 | H55: 0 | I55: Noise profile advance 的亮度閾值。 | J55: 1 | K55: reg_ynr_ns_luma_th2_0 | L55: 1 | M55: 0 | N55: 255 | O55: 0 | P55: Noise profile luma threshold node 0 (Advance) | Q55: ISP_YNR_MANUAL_NPLUMATHRADVANCE0 | R55: ns1_luma_th[6]
D56: 1 | E56: 1 | F56: 0 | G56: 255 | H56: 0 | J56: 1 | K56: reg_ynr_ns_luma_th2_1 | L56: 1 | M56: 0 | N56: 255 | O56: 0 | P56: Noise profile luma threshold node 1 (Advance) | Q56: ISP_YNR_MANUAL_NPLUMATHRADVANCE1
D57: 1 | E57: 1 | F57: 0 | G57: 255 | H57: 0 | J57: 1 | K57: reg_ynr_ns_luma_th2_2 | L57: 1 | M57: 0 | N57: 255 | O57: 0 | P57: Noise profile luma threshold node 2 (Advance) | Q57: ISP_YNR_MANUAL_NPLUMATHRADVANCE2
D58: 1 | E58: 1 | F58: 0 | G58: 255 | H58: 0 | J58: 1 | K58: reg_ynr_ns_luma_th2_3 | L58: 1 | M58: 0 | N58: 255 | O58: 0 | P58: Noise profile luma threshold node 3 (Advance) | Q58: ISP_YNR_MANUAL_NPLUMATHRADVANCE3
D59: 1 | E59: 1 | F59: 0 | G59: 255 | H59: 0 | J59: 1 | K59: reg_ynr_ns_luma_th2_4 | L59: 1 | M59: 0 | N59: 255 | O59: 0 | P59: Noise profile luma threshold node 4 (Advance) | Q59: ISP_YNR_MANUAL_NPLUMATHRADVANCE4
D60: 1 | E60: 1 | F60: 0 | G60: 255 | H60: 0 | J60: 1 | K60: reg_ynr_ns_luma_th2_5 | L60: 1 | M60: 0 | N60: 255 | O60: 0 | P60: Noise profile luma threshold node 5 (Advance) | Q60: ISP_YNR_MANUAL_NPLUMATHRADVANCE5
C61: NpOffsetThrAdvance[6] | D61: 1 | E61: 1 | F61: 0 | G61: 255 | H61: 0 | I61: Noise profile advance 的 noise level。 | J61: 1 | K61: reg_ynr_ns_offset_th2_0 | L61: 1 | M61: 0 | N61: 255 | O61: 0 | P61: Noise profile luma offset node 0 (Advance) | Q61: ISP_YNR_MANUAL_NPOFFSETTHRADVANCE0 | R61: ns1_offset_th[6]
D62: 1 | E62: 1 | F62: 0 | G62: 255 | H62: 0 | J62: 1 | K62: reg_ynr_ns_offset_th2_1 | L62: 1 | M62: 0 | N62: 255 | O62: 0 | P62: Noise profile luma offset node 1 (Advance) | Q62: ISP_YNR_MANUAL_NPOFFSETTHRADVANCE1
D63: 1 | E63: 1 | F63: 0 | G63: 255 | H63: 0 | J63: 1 | K63: reg_ynr_ns_offset_th2_2 | L63: 1 | M63: 0 | N63: 255 | O63: 0 | P63: Noise profile luma offset node 2 (Advance) | Q63: ISP_YNR_MANUAL_NPOFFSETTHRADVANCE2
D64: 1 | E64: 1 | F64: 0 | G64: 255 | H64: 0 | J64: 1 | K64: reg_ynr_ns_offset_th2_3 | L64: 1 | M64: 0 | N64: 255 | O64: 0 | P64: Noise profile luma offset node 3 (Advance) | Q64: ISP_YNR_MANUAL_NPOFFSETTHRADVANCE3
D65: 1 | E65: 1 | F65: 0 | G65: 255 | H65: 0 | J65: 1 | K65: reg_ynr_ns_offset_th2_4 | L65: 1 | M65: 0 | N65: 255 | O65: 0 | P65: Noise profile luma offset node 4 (Advance) | Q65: ISP_YNR_MANUAL_NPOFFSETTHRADVANCE4
D66: 1 | E66: 1 | F66: 0 | G66: 255 | H66: 0 | J66: 1 | K66: reg_ynr_ns_offset_th2_5 | L66: 1 | M66: 0 | N66: 255 | O66: 0 | P66: Noise profile luma offset node 5 (Advance) | Q66: ISP_YNR_MANUAL_NPOFFSETTHRADVANCE5
A69: API parameter 藍色標記的參數: 代表預設顯示在UI上。
A70: API parameter 黑色標記的參數: 代表預設不顯示在UI，開啟工程模式才會在UI上顯示。
A73: 備註:
A74: FilterType 等於 algo_ynr_weight_intra_sel
A75: CoarseStr 等於 algo_ynr_weight_h_sel

Sheet CNR
A1: Function section | B1: API name | C1: API parameter | D1: UI Level | E1: Calibration | F1: low value | G1: high value | H1: default value | I1: parameter description | J1: auto | K1: register | L1: dynamic | M1: low value | N1: high value | O1: default value | P1: description | Q1: isp_param_def.h | R1: cvi_vip_tun_cfg.h | S1: ISP_API | T1: Note
A2: Common | B2: CVI_MPI_ISP_SetCNRAttr | C2: Enable | D2: 0 | F2: 0 | G2: 1 | H2: 0 | I2: CNR模塊使能。_x000D_ 0: 關閉。_x000D_ 1: 使能。_x000D_ | J2: 0 | K2: reg_cnr_enable | L2: 1 | M2: 0 | N2: 1 | O2: 0 | P2: CNR enable | Q2: ISP_CNR_ENABLE | R2: enable | T2: gencode ISP_CNR_ENOPTYPE
C3: CnrStr | D3: 0 | F3: 0 | G3: 255 | H3: 0 | I3: 色噪去噪強度。值越大，色噪去噪強度越大。 | J3: 1 | K3: reg_cnr_strength_mode | L3: 1 | M3: 0 | N3: 255 | O3: 0 | P3: Strength of chroma noise reduction | Q3: ISP_CNR_MANUAL_CNRSTR | R3: strength_mode
C4: NoiseSuppressStr | D4: 1 | F4: 0 | G4: 255 | H4: 0 | I4: 色噪抑制強度。值越大，色噪去除強度越大。 | J4: 1 | K4: reg_cnr_diff_shift_val | L4: 1 | M4: 0 | N4: 255 | O4: 0 | P4: Chroma noise suppression strength | Q4: ISP_CNR_MANUAL_NOISESUPPRESSSTR | R4: diff_shift_val
C5: NoiseSuppressGain | D5: 0 | F5: 0 | G5: 7 | H5: 4 | I5: 色噪抑制強度增益。值越小，色噪去噪強度越大。 | J5: 1 | K5: reg_cnr_diff_gain | L5: 1 | M5: 0 | N5: 7 | O5: 4 | P5: Chroma noise suppression gain | Q5: ISP_CNR_MANUAL_NOISESUPPRESSGAIN | R5: diff_gain
C6: FilterType | D6: 0 | E6: reg_cnr_fusion_intensity_weight | F6: 0 | G6: 15 | H6: 0 | I6: 色噪去噪濾波器強度。值越大，色噪去除強度越大。 | J6: 1 | K6: reg_cnr_weight_lut_inter_block[16] | L6: 1 | M6: 0 | N6: 16 | O6: NA | P6: Strength of chroma noise reudction filter | Q6: ISP_CNR_MANUAL_FILTERTYPE | R6: weight_lut_inter[16] | S6: CNR_LUT_H_API()
C7: MotionNrStr | D7: 0 | F7: 0 | G7: 255 | H7: 200 | I7: 調節物體運動區域的色噪去噪強度。值越大，運動區域的色噪越少。 | J7: 1 | K7: reg_cnr_ratio | L7: 1 | M7: 0 | N7: 255 | O7: 200 | P7: Strength of removing the random color noise according to motion | Q7: ISP_CNR_MANUAL_MOTIONNRSTR | R7: ratio
C8: LumaWgt | D8: 1 | F8: 0 | G8: 8 | H8: 4 | I8: 參考亮度的色噪去噪權重。值越大，亮度影響色噪去噪的強度越大。 | J8: 1 | K8: reg_cnr_fusion_intensity_weight | L8: 1 | M8: 0 | N8: 8 | O8: 4 | P8: Luma-adaptive weight | Q8: ISP_CNR_MANUAL_LUMAWGT | R8: fusion_intensity_weight
C9: DetailSmoothMode | D9: 0 | F9: 0 | G9: 1 | H9: 1 | I9: 去噪細節平滑功能使能。 0: 關閉。 1: 使能。 | J9: 1 | K9: reg_cnr_flag_neighbor_max_weight | L9: 1 | M9: 0 | N9: 1 | O9: 1 | P9: Detail smooth mode | Q9: ISP_CNR_MANUAL_DETAILSMOOTHMODE | R9: flag_neighbor_max_weight
A10: Filter | B10: CVI_MPI_ISP_SetCNRFilterAttr | C10: LumaStr[8] | D10: 1 | F10: 0 | G10: 16 | H10: 0 | I10: 參考圖像亮度從暗到亮分別調節色噪去噪強度。值越大，色噪去除強度越大。 | J10: 1 | K10: reg_cnr_intensity_sel_0 | L10: 1 | M10: 0 | N10: 16 | O10: 0 | P10: Strength of noise reduction for luma node 0 | Q10: ISP_CNR_MANUAL_LUMASTR0 | R10: intensity_sel[8]
D11: 1 | F11: 0 | G11: 16 | H11: 0 | J11: 1 | K11: reg_cnr_intensity_sel_1 | L11: 1 | M11: 0 | N11: 16 | O11: 0 | P11: Strength of noise reduction for luma node 1 | Q11: ISP_CNR_MANUAL_LUMASTR1
D12: 1 | F12: 0 | G12: 16 | H12: 0 | J12: 1 | K12: reg_cnr_intensity_sel_2 | L12: 1 | M12: 0 | N12: 16 | O12: 0 | P12: Strength of noise reduction for luma node 2 | Q12: ISP_CNR_MANUAL_LUMASTR2
D13: 1 | F13: 0 | G13: 16 | H13: 0 | J13: 1 | K13: reg_cnr_intensity_sel_3 | L13: 1 | M13: 0 | N13: 16 | O13: 0 | P13: Strength of noise reduction for luma node 3 | Q13: ISP_CNR_MANUAL_LUMASTR3
D14: 1 | F14: 0 | G14: 16 | H14: 0 | J14: 1 | K14: reg_cnr_intensity_sel_4 | L14: 1 | M14: 0 | N14: 16 | O14: 0 | P14: Strength of noise reduction for luma node 4 | Q14: ISP_CNR_MANUAL_LUMASTR4
D15: 1 | F15: 0 | G15: 16 | H15: 0 | J15: 1 | K15: reg_cnr_intensity_sel_5 | L15: 1 | M15: 0 | N15: 16 | O15: 0 | P15: Strength of noise reduction for luma node 5 | Q15: ISP_CNR_MANUAL_LUMASTR5
D16: 1 | F16: 0 | G16: 16 | H16: 0 | J16: 1 | K16: reg_cnr_intensity_sel_6 | L16: 1 | M16: 0 | N16: 16 | O16: 0 | P16: Strength of noise reduction for luma node 6 | Q16: ISP_CNR_MANUAL_LUMASTR6
D17: 1 | F17: 0 | G17: 16 | H17: 0 | J17: 1 | K17: reg_cnr_intensity_sel_7 | L17: 1 | M17: 0 | N17: 16 | O17: 0 | P17: Strength of noise reduction for luma node 7 | Q17: ISP_CNR_MANUAL_LUMASTR7
A20: API parameter 藍色標記的參數: 代表預設顯示在UI上。
A21: API parameter 黑色標記的參數: 代表預設不顯示在UI，開啟工程模式才會在UI上顯示。
A25: 備註:
A26: CoraseStr 等於 reg_cnr_weight_inter_sel
